name,inputData,displacement,replaceNan,removeMean,FFT,#RNN,sizeRNN,bidirectional,#FC,numFC,Dropout,Weigthed,Custom_loss,xyDisplacement,is_regression,augmentation,Accuracy,N4_Acc,Q4_Acc,T4_Acc,Q4H7_Acc,Custom_Acc,Testing_Metric
1,ratioNorm,1,1,0,0,1,16,0,1,16,0.1,0,0,0,0,N,,,,,,,
2,ratioNorm,1,1,0,0,1,16,0,1,16,0.1,0,1,0,0,N,,,,,,,
3,ratioNorm,1,1,0,0,1,16,0,1,16,0.1,1,0,0,0,N,,,,,,,
4,ratioNorm,1,1,0,0,1,16,0,1,16,0.1,1,1,0,0,N,,,,,,,
5,ratioNorm,1,1,0,0,1,16,0,1,16,0.2,0,0,0,0,N,,,,,,,
6,ratioNorm,1,1,0,0,1,16,0,1,16,0.2,0,1,0,0,N,,,,,,,
7,ratioNorm,1,1,0,0,1,16,0,1,16,0.2,1,0,0,0,N,,,,,,,
8,ratioNorm,1,1,0,0,1,16,0,1,16,0.2,1,1,0,0,N,,,,,,,
9,ratioNorm,1,1,0,0,1,16,0,1,32,0.1,0,0,0,0,N,,,,,,,
10,ratioNorm,1,1,0,0,1,16,0,1,32,0.1,0,1,0,0,N,,,,,,,
11,ratioNorm,1,1,0,0,1,16,0,1,32,0.1,1,0,0,0,N,,,,,,,
12,ratioNorm,1,1,0,0,1,16,0,1,32,0.1,1,1,0,0,N,,,,,,,
13,ratioNorm,1,1,0,0,1,16,0,1,32,0.2,0,0,0,0,N,,,,,,,
14,ratioNorm,1,1,0,0,1,16,0,1,32,0.2,0,1,0,0,N,,,,,,,
15,ratioNorm,1,1,0,0,1,16,0,1,32,0.2,1,0,0,0,N,,,,,,,
16,ratioNorm,1,1,0,0,1,16,0,1,32,0.2,1,1,0,0,N,,,,,,,
17,ratioNorm,1,1,0,0,1,16,0,1,64,0.1,0,0,0,0,N,,,,,,,
18,ratioNorm,1,1,0,0,1,16,0,1,64,0.1,0,1,0,0,N,,,,,,,
19,ratioNorm,1,1,0,0,1,16,0,1,64,0.1,1,0,0,0,N,,,,,,,
20,ratioNorm,1,1,0,0,1,16,0,1,64,0.1,1,1,0,0,N,,,,,,,
21,ratioNorm,1,1,0,0,1,16,0,1,64,0.2,0,0,0,0,N,,,,,,,
22,ratioNorm,1,1,0,0,1,16,0,1,64,0.2,0,1,0,0,N,,,,,,,
23,ratioNorm,1,1,0,0,1,16,0,1,64,0.2,1,0,0,0,N,,,,,,,
24,ratioNorm,1,1,0,0,1,16,0,1,64,0.2,1,1,0,0,N,,,,,,,
25,ratioNorm,1,1,0,0,1,16,0,2,16,0.1,0,0,0,0,N,,,,,,,
26,ratioNorm,1,1,0,0,1,16,0,2,16,0.1,0,1,0,0,N,,,,,,,
27,ratioNorm,1,1,0,0,1,16,0,2,16,0.1,1,0,0,0,N,,,,,,,
28,ratioNorm,1,1,0,0,1,16,0,2,16,0.1,1,1,0,0,N,,,,,,,
29,ratioNorm,1,1,0,0,1,16,0,2,16,0.2,0,0,0,0,N,,,,,,,
30,ratioNorm,1,1,0,0,1,16,0,2,16,0.2,0,1,0,0,N,,,,,,,
31,ratioNorm,1,1,0,0,1,16,0,2,16,0.2,1,0,0,0,N,,,,,,,
32,ratioNorm,1,1,0,0,1,16,0,2,16,0.2,1,1,0,0,N,,,,,,,
33,ratioNorm,1,1,0,0,1,16,0,2,32,0.1,0,0,0,0,N,,,,,,,
34,ratioNorm,1,1,0,0,1,16,0,2,32,0.1,0,1,0,0,N,,,,,,,
35,ratioNorm,1,1,0,0,1,16,0,2,32,0.1,1,0,0,0,N,,,,,,,
36,ratioNorm,1,1,0,0,1,16,0,2,32,0.1,1,1,0,0,N,,,,,,,
37,ratioNorm,1,1,0,0,1,16,0,2,32,0.2,0,0,0,0,N,,,,,,,
38,ratioNorm,1,1,0,0,1,16,0,2,32,0.2,0,1,0,0,N,,,,,,,
39,ratioNorm,1,1,0,0,1,16,0,2,32,0.2,1,0,0,0,N,,,,,,,
40,ratioNorm,1,1,0,0,1,16,0,2,32,0.2,1,1,0,0,N,,,,,,,
41,ratioNorm,1,1,0,0,1,16,0,2,64,0.1,0,0,0,0,N,,,,,,,
42,ratioNorm,1,1,0,0,1,16,0,2,64,0.1,0,1,0,0,N,,,,,,,
43,ratioNorm,1,1,0,0,1,16,0,2,64,0.1,1,0,0,0,N,,,,,,,
44,ratioNorm,1,1,0,0,1,16,0,2,64,0.1,1,1,0,0,N,,,,,,,
45,ratioNorm,1,1,0,0,1,16,0,2,64,0.2,0,0,0,0,N,,,,,,,
46,ratioNorm,1,1,0,0,1,16,0,2,64,0.2,0,1,0,0,N,,,,,,,
47,ratioNorm,1,1,0,0,1,16,0,2,64,0.2,1,0,0,0,N,,,,,,,
48,ratioNorm,1,1,0,0,1,16,0,2,64,0.2,1,1,0,0,N,,,,,,,
49,ratioNorm,1,1,0,0,1,16,1,1,16,0.1,0,0,0,0,N,,,,,,,
50,ratioNorm,1,1,0,0,1,16,1,1,16,0.1,0,1,0,0,N,,,,,,,
51,ratioNorm,1,1,0,0,1,16,1,1,16,0.1,1,0,0,0,N,,,,,,,
52,ratioNorm,1,1,0,0,1,16,1,1,16,0.1,1,1,0,0,N,,,,,,,
53,ratioNorm,1,1,0,0,1,16,1,1,16,0.2,0,0,0,0,N,,,,,,,
54,ratioNorm,1,1,0,0,1,16,1,1,16,0.2,0,1,0,0,N,,,,,,,
55,ratioNorm,1,1,0,0,1,16,1,1,16,0.2,1,0,0,0,N,,,,,,,
56,ratioNorm,1,1,0,0,1,16,1,1,16,0.2,1,1,0,0,N,,,,,,,
57,ratioNorm,1,1,0,0,1,16,1,1,32,0.1,0,0,0,0,N,,,,,,,
58,ratioNorm,1,1,0,0,1,16,1,1,32,0.1,0,1,0,0,N,,,,,,,
59,ratioNorm,1,1,0,0,1,16,1,1,32,0.1,1,0,0,0,N,,,,,,,
60,ratioNorm,1,1,0,0,1,16,1,1,32,0.1,1,1,0,0,N,,,,,,,
61,ratioNorm,1,1,0,0,1,16,1,1,32,0.2,0,0,0,0,N,,,,,,,
62,ratioNorm,1,1,0,0,1,16,1,1,32,0.2,0,1,0,0,N,,,,,,,
63,ratioNorm,1,1,0,0,1,16,1,1,32,0.2,1,0,0,0,N,,,,,,,
64,ratioNorm,1,1,0,0,1,16,1,1,32,0.2,1,1,0,0,N,,,,,,,
65,ratioNorm,1,1,0,0,1,16,1,1,64,0.1,0,0,0,0,N,,,,,,,
66,ratioNorm,1,1,0,0,1,16,1,1,64,0.1,0,1,0,0,N,,,,,,,
67,ratioNorm,1,1,0,0,1,16,1,1,64,0.1,1,0,0,0,N,,,,,,,
68,ratioNorm,1,1,0,0,1,16,1,1,64,0.1,1,1,0,0,N,,,,,,,
69,ratioNorm,1,1,0,0,1,16,1,1,64,0.2,0,0,0,0,N,,,,,,,
70,ratioNorm,1,1,0,0,1,16,1,1,64,0.2,0,1,0,0,N,,,,,,,
71,ratioNorm,1,1,0,0,1,16,1,1,64,0.2,1,0,0,0,N,,,,,,,
72,ratioNorm,1,1,0,0,1,16,1,1,64,0.2,1,1,0,0,N,,,,,,,
73,ratioNorm,1,1,0,0,1,16,1,2,16,0.1,0,0,0,0,N,,,,,,,
74,ratioNorm,1,1,0,0,1,16,1,2,16,0.1,0,1,0,0,N,,,,,,,
75,ratioNorm,1,1,0,0,1,16,1,2,16,0.1,1,0,0,0,N,,,,,,,
76,ratioNorm,1,1,0,0,1,16,1,2,16,0.1,1,1,0,0,N,,,,,,,
77,ratioNorm,1,1,0,0,1,16,1,2,16,0.2,0,0,0,0,N,,,,,,,
78,ratioNorm,1,1,0,0,1,16,1,2,16,0.2,0,1,0,0,N,,,,,,,
79,ratioNorm,1,1,0,0,1,16,1,2,16,0.2,1,0,0,0,N,,,,,,,
80,ratioNorm,1,1,0,0,1,16,1,2,16,0.2,1,1,0,0,N,,,,,,,
81,ratioNorm,1,1,0,0,1,16,1,2,32,0.1,0,0,0,0,N,,,,,,,
82,ratioNorm,1,1,0,0,1,16,1,2,32,0.1,0,1,0,0,N,,,,,,,
83,ratioNorm,1,1,0,0,1,16,1,2,32,0.1,1,0,0,0,N,,,,,,,
84,ratioNorm,1,1,0,0,1,16,1,2,32,0.1,1,1,0,0,N,,,,,,,
85,ratioNorm,1,1,0,0,1,16,1,2,32,0.2,0,0,0,0,N,,,,,,,
86,ratioNorm,1,1,0,0,1,16,1,2,32,0.2,0,1,0,0,N,,,,,,,
87,ratioNorm,1,1,0,0,1,16,1,2,32,0.2,1,0,0,0,N,,,,,,,
88,ratioNorm,1,1,0,0,1,16,1,2,32,0.2,1,1,0,0,N,,,,,,,
89,ratioNorm,1,1,0,0,1,16,1,2,64,0.1,0,0,0,0,N,,,,,,,
90,ratioNorm,1,1,0,0,1,16,1,2,64,0.1,0,1,0,0,N,,,,,,,
91,ratioNorm,1,1,0,0,1,16,1,2,64,0.1,1,0,0,0,N,,,,,,,
92,ratioNorm,1,1,0,0,1,16,1,2,64,0.1,1,1,0,0,N,,,,,,,
93,ratioNorm,1,1,0,0,1,16,1,2,64,0.2,0,0,0,0,N,,,,,,,
94,ratioNorm,1,1,0,0,1,16,1,2,64,0.2,0,1,0,0,N,,,,,,,
95,ratioNorm,1,1,0,0,1,16,1,2,64,0.2,1,0,0,0,N,,,,,,,
96,ratioNorm,1,1,0,0,1,16,1,2,64,0.2,1,1,0,0,N,,,,,,,
97,ratioNorm,1,1,0,0,1,32,0,1,16,0.1,0,0,0,0,N,,,,,,,
98,ratioNorm,1,1,0,0,1,32,0,1,16,0.1,0,1,0,0,N,,,,,,,
99,ratioNorm,1,1,0,0,1,32,0,1,16,0.1,1,0,0,0,N,,,,,,,
100,ratioNorm,1,1,0,0,1,32,0,1,16,0.1,1,1,0,0,N,,,,,,,
101,ratioNorm,1,1,0,0,1,32,0,1,16,0.2,0,0,0,0,N,,,,,,,
102,ratioNorm,1,1,0,0,1,32,0,1,16,0.2,0,1,0,0,N,,,,,,,
103,ratioNorm,1,1,0,0,1,32,0,1,16,0.2,1,0,0,0,N,,,,,,,
104,ratioNorm,1,1,0,0,1,32,0,1,16,0.2,1,1,0,0,N,,,,,,,
105,ratioNorm,1,1,0,0,1,32,0,1,32,0.1,0,0,0,0,N,,,,,,,
106,ratioNorm,1,1,0,0,1,32,0,1,32,0.1,0,1,0,0,N,,,,,,,
107,ratioNorm,1,1,0,0,1,32,0,1,32,0.1,1,0,0,0,N,,,,,,,
108,ratioNorm,1,1,0,0,1,32,0,1,32,0.1,1,1,0,0,N,,,,,,,
109,ratioNorm,1,1,0,0,1,32,0,1,32,0.2,0,0,0,0,N,,,,,,,
110,ratioNorm,1,1,0,0,1,32,0,1,32,0.2,0,1,0,0,N,,,,,,,
111,ratioNorm,1,1,0,0,1,32,0,1,32,0.2,1,0,0,0,N,,,,,,,
112,ratioNorm,1,1,0,0,1,32,0,1,32,0.2,1,1,0,0,N,,,,,,,
113,ratioNorm,1,1,0,0,1,32,0,1,64,0.1,0,0,0,0,N,,,,,,,
114,ratioNorm,1,1,0,0,1,32,0,1,64,0.1,0,1,0,0,N,,,,,,,
115,ratioNorm,1,1,0,0,1,32,0,1,64,0.1,1,0,0,0,N,,,,,,,
116,ratioNorm,1,1,0,0,1,32,0,1,64,0.1,1,1,0,0,N,,,,,,,
117,ratioNorm,1,1,0,0,1,32,0,1,64,0.2,0,0,0,0,N,,,,,,,
118,ratioNorm,1,1,0,0,1,32,0,1,64,0.2,0,1,0,0,N,,,,,,,
119,ratioNorm,1,1,0,0,1,32,0,1,64,0.2,1,0,0,0,N,,,,,,,
120,ratioNorm,1,1,0,0,1,32,0,1,64,0.2,1,1,0,0,N,,,,,,,
121,ratioNorm,1,1,0,0,1,32,0,2,16,0.1,0,0,0,0,N,,,,,,,
122,ratioNorm,1,1,0,0,1,32,0,2,16,0.1,0,1,0,0,N,,,,,,,
123,ratioNorm,1,1,0,0,1,32,0,2,16,0.1,1,0,0,0,N,,,,,,,
124,ratioNorm,1,1,0,0,1,32,0,2,16,0.1,1,1,0,0,N,,,,,,,
125,ratioNorm,1,1,0,0,1,32,0,2,16,0.2,0,0,0,0,N,,,,,,,
126,ratioNorm,1,1,0,0,1,32,0,2,16,0.2,0,1,0,0,N,,,,,,,
127,ratioNorm,1,1,0,0,1,32,0,2,16,0.2,1,0,0,0,N,,,,,,,
128,ratioNorm,1,1,0,0,1,32,0,2,16,0.2,1,1,0,0,N,,,,,,,
129,ratioNorm,1,1,0,0,1,32,0,2,32,0.1,0,0,0,0,N,,,,,,,
130,ratioNorm,1,1,0,0,1,32,0,2,32,0.1,0,1,0,0,N,,,,,,,
131,ratioNorm,1,1,0,0,1,32,0,2,32,0.1,1,0,0,0,N,,,,,,,
132,ratioNorm,1,1,0,0,1,32,0,2,32,0.1,1,1,0,0,N,,,,,,,
133,ratioNorm,1,1,0,0,1,32,0,2,32,0.2,0,0,0,0,N,,,,,,,
134,ratioNorm,1,1,0,0,1,32,0,2,32,0.2,0,1,0,0,N,,,,,,,
135,ratioNorm,1,1,0,0,1,32,0,2,32,0.2,1,0,0,0,N,,,,,,,
136,ratioNorm,1,1,0,0,1,32,0,2,32,0.2,1,1,0,0,N,,,,,,,
137,ratioNorm,1,1,0,0,1,32,0,2,64,0.1,0,0,0,0,N,,,,,,,
138,ratioNorm,1,1,0,0,1,32,0,2,64,0.1,0,1,0,0,N,,,,,,,
139,ratioNorm,1,1,0,0,1,32,0,2,64,0.1,1,0,0,0,N,,,,,,,
140,ratioNorm,1,1,0,0,1,32,0,2,64,0.1,1,1,0,0,N,,,,,,,
141,ratioNorm,1,1,0,0,1,32,0,2,64,0.2,0,0,0,0,N,,,,,,,
142,ratioNorm,1,1,0,0,1,32,0,2,64,0.2,0,1,0,0,N,,,,,,,
143,ratioNorm,1,1,0,0,1,32,0,2,64,0.2,1,0,0,0,N,,,,,,,
144,ratioNorm,1,1,0,0,1,32,0,2,64,0.2,1,1,0,0,N,,,,,,,
145,ratioNorm,1,1,0,0,1,32,1,1,16,0.1,0,0,0,0,N,,,,,,,
146,ratioNorm,1,1,0,0,1,32,1,1,16,0.1,0,1,0,0,N,,,,,,,
147,ratioNorm,1,1,0,0,1,32,1,1,16,0.1,1,0,0,0,N,,,,,,,
148,ratioNorm,1,1,0,0,1,32,1,1,16,0.1,1,1,0,0,N,,,,,,,
149,ratioNorm,1,1,0,0,1,32,1,1,16,0.2,0,0,0,0,N,,,,,,,
150,ratioNorm,1,1,0,0,1,32,1,1,16,0.2,0,1,0,0,N,,,,,,,
151,ratioNorm,1,1,0,0,1,32,1,1,16,0.2,1,0,0,0,N,,,,,,,
152,ratioNorm,1,1,0,0,1,32,1,1,16,0.2,1,1,0,0,N,,,,,,,
153,ratioNorm,1,1,0,0,1,32,1,1,32,0.1,0,0,0,0,N,,,,,,,
154,ratioNorm,1,1,0,0,1,32,1,1,32,0.1,0,1,0,0,N,,,,,,,
155,ratioNorm,1,1,0,0,1,32,1,1,32,0.1,1,0,0,0,N,,,,,,,
156,ratioNorm,1,1,0,0,1,32,1,1,32,0.1,1,1,0,0,N,,,,,,,
157,ratioNorm,1,1,0,0,1,32,1,1,32,0.2,0,0,0,0,N,,,,,,,
158,ratioNorm,1,1,0,0,1,32,1,1,32,0.2,0,1,0,0,N,,,,,,,
159,ratioNorm,1,1,0,0,1,32,1,1,32,0.2,1,0,0,0,N,,,,,,,
160,ratioNorm,1,1,0,0,1,32,1,1,32,0.2,1,1,0,0,N,,,,,,,
161,ratioNorm,1,1,0,0,1,32,1,1,64,0.1,0,0,0,0,N,,,,,,,
162,ratioNorm,1,1,0,0,1,32,1,1,64,0.1,0,1,0,0,N,,,,,,,
163,ratioNorm,1,1,0,0,1,32,1,1,64,0.1,1,0,0,0,N,,,,,,,
164,ratioNorm,1,1,0,0,1,32,1,1,64,0.1,1,1,0,0,N,,,,,,,
165,ratioNorm,1,1,0,0,1,32,1,1,64,0.2,0,0,0,0,N,,,,,,,
166,ratioNorm,1,1,0,0,1,32,1,1,64,0.2,0,1,0,0,N,,,,,,,
167,ratioNorm,1,1,0,0,1,32,1,1,64,0.2,1,0,0,0,N,,,,,,,
168,ratioNorm,1,1,0,0,1,32,1,1,64,0.2,1,1,0,0,N,,,,,,,
169,ratioNorm,1,1,0,0,1,32,1,2,16,0.1,0,0,0,0,N,,,,,,,
170,ratioNorm,1,1,0,0,1,32,1,2,16,0.1,0,1,0,0,N,,,,,,,
171,ratioNorm,1,1,0,0,1,32,1,2,16,0.1,1,0,0,0,N,,,,,,,
172,ratioNorm,1,1,0,0,1,32,1,2,16,0.1,1,1,0,0,N,,,,,,,
173,ratioNorm,1,1,0,0,1,32,1,2,16,0.2,0,0,0,0,N,,,,,,,
174,ratioNorm,1,1,0,0,1,32,1,2,16,0.2,0,1,0,0,N,,,,,,,
175,ratioNorm,1,1,0,0,1,32,1,2,16,0.2,1,0,0,0,N,,,,,,,
176,ratioNorm,1,1,0,0,1,32,1,2,16,0.2,1,1,0,0,N,,,,,,,
177,ratioNorm,1,1,0,0,1,32,1,2,32,0.1,0,0,0,0,N,,,,,,,
178,ratioNorm,1,1,0,0,1,32,1,2,32,0.1,0,1,0,0,N,,,,,,,
179,ratioNorm,1,1,0,0,1,32,1,2,32,0.1,1,0,0,0,N,,,,,,,
180,ratioNorm,1,1,0,0,1,32,1,2,32,0.1,1,1,0,0,N,,,,,,,
181,ratioNorm,1,1,0,0,1,32,1,2,32,0.2,0,0,0,0,N,,,,,,,
182,ratioNorm,1,1,0,0,1,32,1,2,32,0.2,0,1,0,0,N,,,,,,,
183,ratioNorm,1,1,0,0,1,32,1,2,32,0.2,1,0,0,0,N,,,,,,,
184,ratioNorm,1,1,0,0,1,32,1,2,32,0.2,1,1,0,0,N,,,,,,,
185,ratioNorm,1,1,0,0,1,32,1,2,64,0.1,0,0,0,0,N,,,,,,,
186,ratioNorm,1,1,0,0,1,32,1,2,64,0.1,0,1,0,0,N,,,,,,,
187,ratioNorm,1,1,0,0,1,32,1,2,64,0.1,1,0,0,0,N,,,,,,,
188,ratioNorm,1,1,0,0,1,32,1,2,64,0.1,1,1,0,0,N,,,,,,,
189,ratioNorm,1,1,0,0,1,32,1,2,64,0.2,0,0,0,0,N,,,,,,,
190,ratioNorm,1,1,0,0,1,32,1,2,64,0.2,0,1,0,0,N,,,,,,,
191,ratioNorm,1,1,0,0,1,32,1,2,64,0.2,1,0,0,0,N,,,,,,,
192,ratioNorm,1,1,0,0,1,32,1,2,64,0.2,1,1,0,0,N,,,,,,,
193,ratioNorm,1,1,0,0,1,64,0,1,16,0.1,0,0,0,0,N,,,,,,,
194,ratioNorm,1,1,0,0,1,64,0,1,16,0.1,0,1,0,0,N,,,,,,,
195,ratioNorm,1,1,0,0,1,64,0,1,16,0.1,1,0,0,0,N,,,,,,,
196,ratioNorm,1,1,0,0,1,64,0,1,16,0.1,1,1,0,0,N,,,,,,,
197,ratioNorm,1,1,0,0,1,64,0,1,16,0.2,0,0,0,0,N,,,,,,,
198,ratioNorm,1,1,0,0,1,64,0,1,16,0.2,0,1,0,0,N,,,,,,,
199,ratioNorm,1,1,0,0,1,64,0,1,16,0.2,1,0,0,0,N,,,,,,,
200,ratioNorm,1,1,0,0,1,64,0,1,16,0.2,1,1,0,0,N,,,,,,,
201,ratioNorm,1,1,0,0,1,64,0,1,32,0.1,0,0,0,0,N,,,,,,,
202,ratioNorm,1,1,0,0,1,64,0,1,32,0.1,0,1,0,0,N,,,,,,,
203,ratioNorm,1,1,0,0,1,64,0,1,32,0.1,1,0,0,0,N,,,,,,,
204,ratioNorm,1,1,0,0,1,64,0,1,32,0.1,1,1,0,0,N,,,,,,,
205,ratioNorm,1,1,0,0,1,64,0,1,32,0.2,0,0,0,0,N,,,,,,,
206,ratioNorm,1,1,0,0,1,64,0,1,32,0.2,0,1,0,0,N,,,,,,,
207,ratioNorm,1,1,0,0,1,64,0,1,32,0.2,1,0,0,0,N,,,,,,,
208,ratioNorm,1,1,0,0,1,64,0,1,32,0.2,1,1,0,0,N,,,,,,,
209,ratioNorm,1,1,0,0,1,64,0,1,64,0.1,0,0,0,0,N,,,,,,,
210,ratioNorm,1,1,0,0,1,64,0,1,64,0.1,0,1,0,0,N,,,,,,,
211,ratioNorm,1,1,0,0,1,64,0,1,64,0.1,1,0,0,0,N,,,,,,,
212,ratioNorm,1,1,0,0,1,64,0,1,64,0.1,1,1,0,0,N,,,,,,,
213,ratioNorm,1,1,0,0,1,64,0,1,64,0.2,0,0,0,0,N,,,,,,,
214,ratioNorm,1,1,0,0,1,64,0,1,64,0.2,0,1,0,0,N,,,,,,,
215,ratioNorm,1,1,0,0,1,64,0,1,64,0.2,1,0,0,0,N,,,,,,,
216,ratioNorm,1,1,0,0,1,64,0,1,64,0.2,1,1,0,0,N,,,,,,,
217,ratioNorm,1,1,0,0,1,64,0,2,16,0.1,0,0,0,0,N,,,,,,,
218,ratioNorm,1,1,0,0,1,64,0,2,16,0.1,0,1,0,0,N,,,,,,,
219,ratioNorm,1,1,0,0,1,64,0,2,16,0.1,1,0,0,0,N,,,,,,,
220,ratioNorm,1,1,0,0,1,64,0,2,16,0.1,1,1,0,0,N,,,,,,,
221,ratioNorm,1,1,0,0,1,64,0,2,16,0.2,0,0,0,0,N,,,,,,,
222,ratioNorm,1,1,0,0,1,64,0,2,16,0.2,0,1,0,0,N,,,,,,,
223,ratioNorm,1,1,0,0,1,64,0,2,16,0.2,1,0,0,0,N,,,,,,,
224,ratioNorm,1,1,0,0,1,64,0,2,16,0.2,1,1,0,0,N,,,,,,,
225,ratioNorm,1,1,0,0,1,64,0,2,32,0.1,0,0,0,0,N,,,,,,,
226,ratioNorm,1,1,0,0,1,64,0,2,32,0.1,0,1,0,0,N,,,,,,,
227,ratioNorm,1,1,0,0,1,64,0,2,32,0.1,1,0,0,0,N,,,,,,,
228,ratioNorm,1,1,0,0,1,64,0,2,32,0.1,1,1,0,0,N,,,,,,,
229,ratioNorm,1,1,0,0,1,64,0,2,32,0.2,0,0,0,0,N,,,,,,,
230,ratioNorm,1,1,0,0,1,64,0,2,32,0.2,0,1,0,0,N,,,,,,,
231,ratioNorm,1,1,0,0,1,64,0,2,32,0.2,1,0,0,0,N,,,,,,,
232,ratioNorm,1,1,0,0,1,64,0,2,32,0.2,1,1,0,0,N,,,,,,,
233,ratioNorm,1,1,0,0,1,64,0,2,64,0.1,0,0,0,0,N,,,,,,,
234,ratioNorm,1,1,0,0,1,64,0,2,64,0.1,0,1,0,0,N,,,,,,,
235,ratioNorm,1,1,0,0,1,64,0,2,64,0.1,1,0,0,0,N,,,,,,,
236,ratioNorm,1,1,0,0,1,64,0,2,64,0.1,1,1,0,0,N,,,,,,,
237,ratioNorm,1,1,0,0,1,64,0,2,64,0.2,0,0,0,0,N,,,,,,,
238,ratioNorm,1,1,0,0,1,64,0,2,64,0.2,0,1,0,0,N,,,,,,,
239,ratioNorm,1,1,0,0,1,64,0,2,64,0.2,1,0,0,0,N,,,,,,,
240,ratioNorm,1,1,0,0,1,64,0,2,64,0.2,1,1,0,0,N,,,,,,,
241,ratioNorm,1,1,0,0,1,64,1,1,16,0.1,0,0,0,0,N,,,,,,,
242,ratioNorm,1,1,0,0,1,64,1,1,16,0.1,0,1,0,0,N,,,,,,,
243,ratioNorm,1,1,0,0,1,64,1,1,16,0.1,1,0,0,0,N,,,,,,,
244,ratioNorm,1,1,0,0,1,64,1,1,16,0.1,1,1,0,0,N,,,,,,,
245,ratioNorm,1,1,0,0,1,64,1,1,16,0.2,0,0,0,0,N,,,,,,,
246,ratioNorm,1,1,0,0,1,64,1,1,16,0.2,0,1,0,0,N,,,,,,,
247,ratioNorm,1,1,0,0,1,64,1,1,16,0.2,1,0,0,0,N,,,,,,,
248,ratioNorm,1,1,0,0,1,64,1,1,16,0.2,1,1,0,0,N,,,,,,,
249,ratioNorm,1,1,0,0,1,64,1,1,32,0.1,0,0,0,0,N,,,,,,,
250,ratioNorm,1,1,0,0,1,64,1,1,32,0.1,0,1,0,0,N,,,,,,,
251,ratioNorm,1,1,0,0,1,64,1,1,32,0.1,1,0,0,0,N,,,,,,,
252,ratioNorm,1,1,0,0,1,64,1,1,32,0.1,1,1,0,0,N,,,,,,,
253,ratioNorm,1,1,0,0,1,64,1,1,32,0.2,0,0,0,0,N,,,,,,,
254,ratioNorm,1,1,0,0,1,64,1,1,32,0.2,0,1,0,0,N,,,,,,,
255,ratioNorm,1,1,0,0,1,64,1,1,32,0.2,1,0,0,0,N,,,,,,,
256,ratioNorm,1,1,0,0,1,64,1,1,32,0.2,1,1,0,0,N,,,,,,,
257,ratioNorm,1,1,0,0,1,64,1,1,64,0.1,0,0,0,0,N,,,,,,,
258,ratioNorm,1,1,0,0,1,64,1,1,64,0.1,0,1,0,0,N,,,,,,,
259,ratioNorm,1,1,0,0,1,64,1,1,64,0.1,1,0,0,0,N,,,,,,,
260,ratioNorm,1,1,0,0,1,64,1,1,64,0.1,1,1,0,0,N,,,,,,,
261,ratioNorm,1,1,0,0,1,64,1,1,64,0.2,0,0,0,0,N,,,,,,,
262,ratioNorm,1,1,0,0,1,64,1,1,64,0.2,0,1,0,0,N,,,,,,,
263,ratioNorm,1,1,0,0,1,64,1,1,64,0.2,1,0,0,0,N,,,,,,,
264,ratioNorm,1,1,0,0,1,64,1,1,64,0.2,1,1,0,0,N,,,,,,,
265,ratioNorm,1,1,0,0,1,64,1,2,16,0.1,0,0,0,0,N,,,,,,,
266,ratioNorm,1,1,0,0,1,64,1,2,16,0.1,0,1,0,0,N,,,,,,,
267,ratioNorm,1,1,0,0,1,64,1,2,16,0.1,1,0,0,0,N,,,,,,,
268,ratioNorm,1,1,0,0,1,64,1,2,16,0.1,1,1,0,0,N,,,,,,,
269,ratioNorm,1,1,0,0,1,64,1,2,16,0.2,0,0,0,0,N,,,,,,,
270,ratioNorm,1,1,0,0,1,64,1,2,16,0.2,0,1,0,0,N,,,,,,,
271,ratioNorm,1,1,0,0,1,64,1,2,16,0.2,1,0,0,0,N,,,,,,,
272,ratioNorm,1,1,0,0,1,64,1,2,16,0.2,1,1,0,0,N,,,,,,,
273,ratioNorm,1,1,0,0,1,64,1,2,32,0.1,0,0,0,0,N,,,,,,,
274,ratioNorm,1,1,0,0,1,64,1,2,32,0.1,0,1,0,0,N,,,,,,,
275,ratioNorm,1,1,0,0,1,64,1,2,32,0.1,1,0,0,0,N,,,,,,,
276,ratioNorm,1,1,0,0,1,64,1,2,32,0.1,1,1,0,0,N,,,,,,,
277,ratioNorm,1,1,0,0,1,64,1,2,32,0.2,0,0,0,0,N,,,,,,,
278,ratioNorm,1,1,0,0,1,64,1,2,32,0.2,0,1,0,0,N,,,,,,,
279,ratioNorm,1,1,0,0,1,64,1,2,32,0.2,1,0,0,0,N,,,,,,,
280,ratioNorm,1,1,0,0,1,64,1,2,32,0.2,1,1,0,0,N,,,,,,,
281,ratioNorm,1,1,0,0,1,64,1,2,64,0.1,0,0,0,0,N,,,,,,,
282,ratioNorm,1,1,0,0,1,64,1,2,64,0.1,0,1,0,0,N,,,,,,,
283,ratioNorm,1,1,0,0,1,64,1,2,64,0.1,1,0,0,0,N,,,,,,,
284,ratioNorm,1,1,0,0,1,64,1,2,64,0.1,1,1,0,0,N,,,,,,,
285,ratioNorm,1,1,0,0,1,64,1,2,64,0.2,0,0,0,0,N,,,,,,,
286,ratioNorm,1,1,0,0,1,64,1,2,64,0.2,0,1,0,0,N,,,,,,,
287,ratioNorm,1,1,0,0,1,64,1,2,64,0.2,1,0,0,0,N,,,,,,,
288,ratioNorm,1,1,0,0,1,64,1,2,64,0.2,1,1,0,0,N,,,,,,,
289,ratioNorm,1,1,0,0,2,16,0,1,16,0.1,0,0,0,0,N,,,,,,,
290,ratioNorm,1,1,0,0,2,16,0,1,16,0.1,0,1,0,0,N,,,,,,,
291,ratioNorm,1,1,0,0,2,16,0,1,16,0.1,1,0,0,0,N,,,,,,,
292,ratioNorm,1,1,0,0,2,16,0,1,16,0.1,1,1,0,0,N,,,,,,,
293,ratioNorm,1,1,0,0,2,16,0,1,16,0.2,0,0,0,0,N,,,,,,,
294,ratioNorm,1,1,0,0,2,16,0,1,16,0.2,0,1,0,0,N,,,,,,,
295,ratioNorm,1,1,0,0,2,16,0,1,16,0.2,1,0,0,0,N,,,,,,,
296,ratioNorm,1,1,0,0,2,16,0,1,16,0.2,1,1,0,0,N,,,,,,,
297,ratioNorm,1,1,0,0,2,16,0,1,32,0.1,0,0,0,0,N,,,,,,,
298,ratioNorm,1,1,0,0,2,16,0,1,32,0.1,0,1,0,0,N,,,,,,,
299,ratioNorm,1,1,0,0,2,16,0,1,32,0.1,1,0,0,0,N,,,,,,,
300,ratioNorm,1,1,0,0,2,16,0,1,32,0.1,1,1,0,0,N,,,,,,,
301,ratioNorm,1,1,0,0,2,16,0,1,32,0.2,0,0,0,0,N,,,,,,,
302,ratioNorm,1,1,0,0,2,16,0,1,32,0.2,0,1,0,0,N,,,,,,,
303,ratioNorm,1,1,0,0,2,16,0,1,32,0.2,1,0,0,0,N,,,,,,,
304,ratioNorm,1,1,0,0,2,16,0,1,32,0.2,1,1,0,0,N,,,,,,,
305,ratioNorm,1,1,0,0,2,16,0,1,64,0.1,0,0,0,0,N,,,,,,,
306,ratioNorm,1,1,0,0,2,16,0,1,64,0.1,0,1,0,0,N,,,,,,,
307,ratioNorm,1,1,0,0,2,16,0,1,64,0.1,1,0,0,0,N,,,,,,,
308,ratioNorm,1,1,0,0,2,16,0,1,64,0.1,1,1,0,0,N,,,,,,,
309,ratioNorm,1,1,0,0,2,16,0,1,64,0.2,0,0,0,0,N,,,,,,,
310,ratioNorm,1,1,0,0,2,16,0,1,64,0.2,0,1,0,0,N,,,,,,,
311,ratioNorm,1,1,0,0,2,16,0,1,64,0.2,1,0,0,0,N,,,,,,,
312,ratioNorm,1,1,0,0,2,16,0,1,64,0.2,1,1,0,0,N,,,,,,,
313,ratioNorm,1,1,0,0,2,16,0,2,16,0.1,0,0,0,0,N,,,,,,,
314,ratioNorm,1,1,0,0,2,16,0,2,16,0.1,0,1,0,0,N,,,,,,,
315,ratioNorm,1,1,0,0,2,16,0,2,16,0.1,1,0,0,0,N,,,,,,,
316,ratioNorm,1,1,0,0,2,16,0,2,16,0.1,1,1,0,0,N,,,,,,,
317,ratioNorm,1,1,0,0,2,16,0,2,16,0.2,0,0,0,0,N,,,,,,,
318,ratioNorm,1,1,0,0,2,16,0,2,16,0.2,0,1,0,0,N,,,,,,,
319,ratioNorm,1,1,0,0,2,16,0,2,16,0.2,1,0,0,0,N,,,,,,,
320,ratioNorm,1,1,0,0,2,16,0,2,16,0.2,1,1,0,0,N,,,,,,,
321,ratioNorm,1,1,0,0,2,16,0,2,32,0.1,0,0,0,0,N,,,,,,,
322,ratioNorm,1,1,0,0,2,16,0,2,32,0.1,0,1,0,0,N,,,,,,,
323,ratioNorm,1,1,0,0,2,16,0,2,32,0.1,1,0,0,0,N,,,,,,,
324,ratioNorm,1,1,0,0,2,16,0,2,32,0.1,1,1,0,0,N,,,,,,,
325,ratioNorm,1,1,0,0,2,16,0,2,32,0.2,0,0,0,0,N,,,,,,,
326,ratioNorm,1,1,0,0,2,16,0,2,32,0.2,0,1,0,0,N,,,,,,,
327,ratioNorm,1,1,0,0,2,16,0,2,32,0.2,1,0,0,0,N,,,,,,,
328,ratioNorm,1,1,0,0,2,16,0,2,32,0.2,1,1,0,0,N,,,,,,,
329,ratioNorm,1,1,0,0,2,16,0,2,64,0.1,0,0,0,0,N,,,,,,,
330,ratioNorm,1,1,0,0,2,16,0,2,64,0.1,0,1,0,0,N,,,,,,,
331,ratioNorm,1,1,0,0,2,16,0,2,64,0.1,1,0,0,0,N,,,,,,,
332,ratioNorm,1,1,0,0,2,16,0,2,64,0.1,1,1,0,0,N,,,,,,,
333,ratioNorm,1,1,0,0,2,16,0,2,64,0.2,0,0,0,0,N,,,,,,,
334,ratioNorm,1,1,0,0,2,16,0,2,64,0.2,0,1,0,0,N,,,,,,,
335,ratioNorm,1,1,0,0,2,16,0,2,64,0.2,1,0,0,0,N,,,,,,,
336,ratioNorm,1,1,0,0,2,16,0,2,64,0.2,1,1,0,0,N,,,,,,,
337,ratioNorm,1,1,0,0,2,16,1,1,16,0.1,0,0,0,0,N,,,,,,,
338,ratioNorm,1,1,0,0,2,16,1,1,16,0.1,0,1,0,0,N,,,,,,,
339,ratioNorm,1,1,0,0,2,16,1,1,16,0.1,1,0,0,0,N,,,,,,,
340,ratioNorm,1,1,0,0,2,16,1,1,16,0.1,1,1,0,0,N,,,,,,,
341,ratioNorm,1,1,0,0,2,16,1,1,16,0.2,0,0,0,0,N,,,,,,,
342,ratioNorm,1,1,0,0,2,16,1,1,16,0.2,0,1,0,0,N,,,,,,,
343,ratioNorm,1,1,0,0,2,16,1,1,16,0.2,1,0,0,0,N,,,,,,,
344,ratioNorm,1,1,0,0,2,16,1,1,16,0.2,1,1,0,0,N,,,,,,,
345,ratioNorm,1,1,0,0,2,16,1,1,32,0.1,0,0,0,0,N,,,,,,,
346,ratioNorm,1,1,0,0,2,16,1,1,32,0.1,0,1,0,0,N,,,,,,,
347,ratioNorm,1,1,0,0,2,16,1,1,32,0.1,1,0,0,0,N,,,,,,,
348,ratioNorm,1,1,0,0,2,16,1,1,32,0.1,1,1,0,0,N,,,,,,,
349,ratioNorm,1,1,0,0,2,16,1,1,32,0.2,0,0,0,0,N,,,,,,,
350,ratioNorm,1,1,0,0,2,16,1,1,32,0.2,0,1,0,0,N,,,,,,,
351,ratioNorm,1,1,0,0,2,16,1,1,32,0.2,1,0,0,0,N,,,,,,,
352,ratioNorm,1,1,0,0,2,16,1,1,32,0.2,1,1,0,0,N,,,,,,,
353,ratioNorm,1,1,0,0,2,16,1,1,64,0.1,0,0,0,0,N,,,,,,,
354,ratioNorm,1,1,0,0,2,16,1,1,64,0.1,0,1,0,0,N,,,,,,,
355,ratioNorm,1,1,0,0,2,16,1,1,64,0.1,1,0,0,0,N,,,,,,,
356,ratioNorm,1,1,0,0,2,16,1,1,64,0.1,1,1,0,0,N,,,,,,,
357,ratioNorm,1,1,0,0,2,16,1,1,64,0.2,0,0,0,0,N,,,,,,,
358,ratioNorm,1,1,0,0,2,16,1,1,64,0.2,0,1,0,0,N,,,,,,,
359,ratioNorm,1,1,0,0,2,16,1,1,64,0.2,1,0,0,0,N,,,,,,,
360,ratioNorm,1,1,0,0,2,16,1,1,64,0.2,1,1,0,0,N,,,,,,,
361,ratioNorm,1,1,0,0,2,16,1,2,16,0.1,0,0,0,0,N,,,,,,,
362,ratioNorm,1,1,0,0,2,16,1,2,16,0.1,0,1,0,0,N,,,,,,,
363,ratioNorm,1,1,0,0,2,16,1,2,16,0.1,1,0,0,0,N,,,,,,,
364,ratioNorm,1,1,0,0,2,16,1,2,16,0.1,1,1,0,0,N,,,,,,,
365,ratioNorm,1,1,0,0,2,16,1,2,16,0.2,0,0,0,0,N,,,,,,,
366,ratioNorm,1,1,0,0,2,16,1,2,16,0.2,0,1,0,0,N,,,,,,,
367,ratioNorm,1,1,0,0,2,16,1,2,16,0.2,1,0,0,0,N,,,,,,,
368,ratioNorm,1,1,0,0,2,16,1,2,16,0.2,1,1,0,0,N,,,,,,,
369,ratioNorm,1,1,0,0,2,16,1,2,32,0.1,0,0,0,0,N,,,,,,,
370,ratioNorm,1,1,0,0,2,16,1,2,32,0.1,0,1,0,0,N,,,,,,,
371,ratioNorm,1,1,0,0,2,16,1,2,32,0.1,1,0,0,0,N,,,,,,,
372,ratioNorm,1,1,0,0,2,16,1,2,32,0.1,1,1,0,0,N,,,,,,,
373,ratioNorm,1,1,0,0,2,16,1,2,32,0.2,0,0,0,0,N,,,,,,,
374,ratioNorm,1,1,0,0,2,16,1,2,32,0.2,0,1,0,0,N,,,,,,,
375,ratioNorm,1,1,0,0,2,16,1,2,32,0.2,1,0,0,0,N,,,,,,,
376,ratioNorm,1,1,0,0,2,16,1,2,32,0.2,1,1,0,0,N,,,,,,,
377,ratioNorm,1,1,0,0,2,16,1,2,64,0.1,0,0,0,0,N,,,,,,,
378,ratioNorm,1,1,0,0,2,16,1,2,64,0.1,0,1,0,0,N,,,,,,,
379,ratioNorm,1,1,0,0,2,16,1,2,64,0.1,1,0,0,0,N,,,,,,,
380,ratioNorm,1,1,0,0,2,16,1,2,64,0.1,1,1,0,0,N,,,,,,,
381,ratioNorm,1,1,0,0,2,16,1,2,64,0.2,0,0,0,0,N,,,,,,,
382,ratioNorm,1,1,0,0,2,16,1,2,64,0.2,0,1,0,0,N,,,,,,,
383,ratioNorm,1,1,0,0,2,16,1,2,64,0.2,1,0,0,0,N,,,,,,,
384,ratioNorm,1,1,0,0,2,16,1,2,64,0.2,1,1,0,0,N,,,,,,,
385,ratioNorm,1,1,0,0,2,32,0,1,16,0.1,0,0,0,0,N,,,,,,,
386,ratioNorm,1,1,0,0,2,32,0,1,16,0.1,0,1,0,0,N,,,,,,,
387,ratioNorm,1,1,0,0,2,32,0,1,16,0.1,1,0,0,0,N,,,,,,,
388,ratioNorm,1,1,0,0,2,32,0,1,16,0.1,1,1,0,0,N,,,,,,,
389,ratioNorm,1,1,0,0,2,32,0,1,16,0.2,0,0,0,0,N,,,,,,,
390,ratioNorm,1,1,0,0,2,32,0,1,16,0.2,0,1,0,0,N,,,,,,,
391,ratioNorm,1,1,0,0,2,32,0,1,16,0.2,1,0,0,0,N,,,,,,,
392,ratioNorm,1,1,0,0,2,32,0,1,16,0.2,1,1,0,0,N,,,,,,,
393,ratioNorm,1,1,0,0,2,32,0,1,32,0.1,0,0,0,0,N,,,,,,,
394,ratioNorm,1,1,0,0,2,32,0,1,32,0.1,0,1,0,0,N,,,,,,,
395,ratioNorm,1,1,0,0,2,32,0,1,32,0.1,1,0,0,0,N,,,,,,,
396,ratioNorm,1,1,0,0,2,32,0,1,32,0.1,1,1,0,0,N,,,,,,,
397,ratioNorm,1,1,0,0,2,32,0,1,32,0.2,0,0,0,0,N,,,,,,,
398,ratioNorm,1,1,0,0,2,32,0,1,32,0.2,0,1,0,0,N,,,,,,,
399,ratioNorm,1,1,0,0,2,32,0,1,32,0.2,1,0,0,0,N,,,,,,,
400,ratioNorm,1,1,0,0,2,32,0,1,32,0.2,1,1,0,0,N,,,,,,,
401,ratioNorm,1,1,0,0,2,32,0,1,64,0.1,0,0,0,0,N,,,,,,,
402,ratioNorm,1,1,0,0,2,32,0,1,64,0.1,0,1,0,0,N,,,,,,,
403,ratioNorm,1,1,0,0,2,32,0,1,64,0.1,1,0,0,0,N,,,,,,,
404,ratioNorm,1,1,0,0,2,32,0,1,64,0.1,1,1,0,0,N,,,,,,,
405,ratioNorm,1,1,0,0,2,32,0,1,64,0.2,0,0,0,0,N,,,,,,,
406,ratioNorm,1,1,0,0,2,32,0,1,64,0.2,0,1,0,0,N,,,,,,,
407,ratioNorm,1,1,0,0,2,32,0,1,64,0.2,1,0,0,0,N,,,,,,,
408,ratioNorm,1,1,0,0,2,32,0,1,64,0.2,1,1,0,0,N,,,,,,,
409,ratioNorm,1,1,0,0,2,32,0,2,16,0.1,0,0,0,0,N,,,,,,,
410,ratioNorm,1,1,0,0,2,32,0,2,16,0.1,0,1,0,0,N,,,,,,,
411,ratioNorm,1,1,0,0,2,32,0,2,16,0.1,1,0,0,0,N,,,,,,,
412,ratioNorm,1,1,0,0,2,32,0,2,16,0.1,1,1,0,0,N,,,,,,,
413,ratioNorm,1,1,0,0,2,32,0,2,16,0.2,0,0,0,0,N,,,,,,,
414,ratioNorm,1,1,0,0,2,32,0,2,16,0.2,0,1,0,0,N,,,,,,,
415,ratioNorm,1,1,0,0,2,32,0,2,16,0.2,1,0,0,0,N,,,,,,,
416,ratioNorm,1,1,0,0,2,32,0,2,16,0.2,1,1,0,0,N,,,,,,,
417,ratioNorm,1,1,0,0,2,32,0,2,32,0.1,0,0,0,0,N,,,,,,,
418,ratioNorm,1,1,0,0,2,32,0,2,32,0.1,0,1,0,0,N,,,,,,,
419,ratioNorm,1,1,0,0,2,32,0,2,32,0.1,1,0,0,0,N,,,,,,,
420,ratioNorm,1,1,0,0,2,32,0,2,32,0.1,1,1,0,0,N,,,,,,,
421,ratioNorm,1,1,0,0,2,32,0,2,32,0.2,0,0,0,0,N,,,,,,,
422,ratioNorm,1,1,0,0,2,32,0,2,32,0.2,0,1,0,0,N,,,,,,,
423,ratioNorm,1,1,0,0,2,32,0,2,32,0.2,1,0,0,0,N,,,,,,,
424,ratioNorm,1,1,0,0,2,32,0,2,32,0.2,1,1,0,0,N,,,,,,,
425,ratioNorm,1,1,0,0,2,32,0,2,64,0.1,0,0,0,0,N,,,,,,,
426,ratioNorm,1,1,0,0,2,32,0,2,64,0.1,0,1,0,0,N,,,,,,,
427,ratioNorm,1,1,0,0,2,32,0,2,64,0.1,1,0,0,0,N,,,,,,,
428,ratioNorm,1,1,0,0,2,32,0,2,64,0.1,1,1,0,0,N,,,,,,,
429,ratioNorm,1,1,0,0,2,32,0,2,64,0.2,0,0,0,0,N,,,,,,,
430,ratioNorm,1,1,0,0,2,32,0,2,64,0.2,0,1,0,0,N,,,,,,,
431,ratioNorm,1,1,0,0,2,32,0,2,64,0.2,1,0,0,0,N,,,,,,,
432,ratioNorm,1,1,0,0,2,32,0,2,64,0.2,1,1,0,0,N,,,,,,,
433,ratioNorm,1,1,0,0,2,32,1,1,16,0.1,0,0,0,0,N,,,,,,,
434,ratioNorm,1,1,0,0,2,32,1,1,16,0.1,0,1,0,0,N,,,,,,,
435,ratioNorm,1,1,0,0,2,32,1,1,16,0.1,1,0,0,0,N,,,,,,,
436,ratioNorm,1,1,0,0,2,32,1,1,16,0.1,1,1,0,0,N,,,,,,,
437,ratioNorm,1,1,0,0,2,32,1,1,16,0.2,0,0,0,0,N,,,,,,,
438,ratioNorm,1,1,0,0,2,32,1,1,16,0.2,0,1,0,0,N,,,,,,,
439,ratioNorm,1,1,0,0,2,32,1,1,16,0.2,1,0,0,0,N,,,,,,,
440,ratioNorm,1,1,0,0,2,32,1,1,16,0.2,1,1,0,0,N,,,,,,,
441,ratioNorm,1,1,0,0,2,32,1,1,32,0.1,0,0,0,0,N,,,,,,,
442,ratioNorm,1,1,0,0,2,32,1,1,32,0.1,0,1,0,0,N,,,,,,,
443,ratioNorm,1,1,0,0,2,32,1,1,32,0.1,1,0,0,0,N,,,,,,,
444,ratioNorm,1,1,0,0,2,32,1,1,32,0.1,1,1,0,0,N,,,,,,,
445,ratioNorm,1,1,0,0,2,32,1,1,32,0.2,0,0,0,0,N,,,,,,,
446,ratioNorm,1,1,0,0,2,32,1,1,32,0.2,0,1,0,0,N,,,,,,,
447,ratioNorm,1,1,0,0,2,32,1,1,32,0.2,1,0,0,0,N,,,,,,,
448,ratioNorm,1,1,0,0,2,32,1,1,32,0.2,1,1,0,0,N,,,,,,,
449,ratioNorm,1,1,0,0,2,32,1,1,64,0.1,0,0,0,0,N,,,,,,,
450,ratioNorm,1,1,0,0,2,32,1,1,64,0.1,0,1,0,0,N,,,,,,,
451,ratioNorm,1,1,0,0,2,32,1,1,64,0.1,1,0,0,0,N,,,,,,,
452,ratioNorm,1,1,0,0,2,32,1,1,64,0.1,1,1,0,0,N,,,,,,,
453,ratioNorm,1,1,0,0,2,32,1,1,64,0.2,0,0,0,0,N,,,,,,,
454,ratioNorm,1,1,0,0,2,32,1,1,64,0.2,0,1,0,0,N,,,,,,,
455,ratioNorm,1,1,0,0,2,32,1,1,64,0.2,1,0,0,0,N,,,,,,,
456,ratioNorm,1,1,0,0,2,32,1,1,64,0.2,1,1,0,0,N,,,,,,,
457,ratioNorm,1,1,0,0,2,32,1,2,16,0.1,0,0,0,0,N,,,,,,,
458,ratioNorm,1,1,0,0,2,32,1,2,16,0.1,0,1,0,0,N,,,,,,,
459,ratioNorm,1,1,0,0,2,32,1,2,16,0.1,1,0,0,0,N,,,,,,,
460,ratioNorm,1,1,0,0,2,32,1,2,16,0.1,1,1,0,0,N,,,,,,,
461,ratioNorm,1,1,0,0,2,32,1,2,16,0.2,0,0,0,0,N,,,,,,,
462,ratioNorm,1,1,0,0,2,32,1,2,16,0.2,0,1,0,0,N,,,,,,,
463,ratioNorm,1,1,0,0,2,32,1,2,16,0.2,1,0,0,0,N,,,,,,,
464,ratioNorm,1,1,0,0,2,32,1,2,16,0.2,1,1,0,0,N,,,,,,,
465,ratioNorm,1,1,0,0,2,32,1,2,32,0.1,0,0,0,0,N,,,,,,,
466,ratioNorm,1,1,0,0,2,32,1,2,32,0.1,0,1,0,0,N,,,,,,,
467,ratioNorm,1,1,0,0,2,32,1,2,32,0.1,1,0,0,0,N,,,,,,,
468,ratioNorm,1,1,0,0,2,32,1,2,32,0.1,1,1,0,0,N,,,,,,,
469,ratioNorm,1,1,0,0,2,32,1,2,32,0.2,0,0,0,0,N,,,,,,,
470,ratioNorm,1,1,0,0,2,32,1,2,32,0.2,0,1,0,0,N,,,,,,,
471,ratioNorm,1,1,0,0,2,32,1,2,32,0.2,1,0,0,0,N,,,,,,,
472,ratioNorm,1,1,0,0,2,32,1,2,32,0.2,1,1,0,0,N,,,,,,,
473,ratioNorm,1,1,0,0,2,32,1,2,64,0.1,0,0,0,0,N,,,,,,,
474,ratioNorm,1,1,0,0,2,32,1,2,64,0.1,0,1,0,0,N,,,,,,,
475,ratioNorm,1,1,0,0,2,32,1,2,64,0.1,1,0,0,0,N,,,,,,,
476,ratioNorm,1,1,0,0,2,32,1,2,64,0.1,1,1,0,0,N,,,,,,,
477,ratioNorm,1,1,0,0,2,32,1,2,64,0.2,0,0,0,0,N,,,,,,,
478,ratioNorm,1,1,0,0,2,32,1,2,64,0.2,0,1,0,0,N,,,,,,,
479,ratioNorm,1,1,0,0,2,32,1,2,64,0.2,1,0,0,0,N,,,,,,,
480,ratioNorm,1,1,0,0,2,32,1,2,64,0.2,1,1,0,0,N,,,,,,,
481,ratioNorm,1,1,0,0,2,64,0,1,16,0.1,0,0,0,0,N,,,,,,,
482,ratioNorm,1,1,0,0,2,64,0,1,16,0.1,0,1,0,0,N,,,,,,,
483,ratioNorm,1,1,0,0,2,64,0,1,16,0.1,1,0,0,0,N,,,,,,,
484,ratioNorm,1,1,0,0,2,64,0,1,16,0.1,1,1,0,0,N,,,,,,,
485,ratioNorm,1,1,0,0,2,64,0,1,16,0.2,0,0,0,0,N,,,,,,,
486,ratioNorm,1,1,0,0,2,64,0,1,16,0.2,0,1,0,0,N,,,,,,,
487,ratioNorm,1,1,0,0,2,64,0,1,16,0.2,1,0,0,0,N,,,,,,,
488,ratioNorm,1,1,0,0,2,64,0,1,16,0.2,1,1,0,0,N,,,,,,,
489,ratioNorm,1,1,0,0,2,64,0,1,32,0.1,0,0,0,0,N,,,,,,,
490,ratioNorm,1,1,0,0,2,64,0,1,32,0.1,0,1,0,0,N,,,,,,,
491,ratioNorm,1,1,0,0,2,64,0,1,32,0.1,1,0,0,0,N,,,,,,,
492,ratioNorm,1,1,0,0,2,64,0,1,32,0.1,1,1,0,0,N,,,,,,,
493,ratioNorm,1,1,0,0,2,64,0,1,32,0.2,0,0,0,0,N,,,,,,,
494,ratioNorm,1,1,0,0,2,64,0,1,32,0.2,0,1,0,0,N,,,,,,,
495,ratioNorm,1,1,0,0,2,64,0,1,32,0.2,1,0,0,0,N,,,,,,,
496,ratioNorm,1,1,0,0,2,64,0,1,32,0.2,1,1,0,0,N,,,,,,,
497,ratioNorm,1,1,0,0,2,64,0,1,64,0.1,0,0,0,0,N,,,,,,,
498,ratioNorm,1,1,0,0,2,64,0,1,64,0.1,0,1,0,0,N,,,,,,,
499,ratioNorm,1,1,0,0,2,64,0,1,64,0.1,1,0,0,0,N,,,,,,,
500,ratioNorm,1,1,0,0,2,64,0,1,64,0.1,1,1,0,0,N,,,,,,,
501,ratioNorm,1,1,0,0,2,64,0,1,64,0.2,0,0,0,0,N,,,,,,,
502,ratioNorm,1,1,0,0,2,64,0,1,64,0.2,0,1,0,0,N,,,,,,,
503,ratioNorm,1,1,0,0,2,64,0,1,64,0.2,1,0,0,0,N,,,,,,,
504,ratioNorm,1,1,0,0,2,64,0,1,64,0.2,1,1,0,0,N,,,,,,,
505,ratioNorm,1,1,0,0,2,64,0,2,16,0.1,0,0,0,0,N,,,,,,,
506,ratioNorm,1,1,0,0,2,64,0,2,16,0.1,0,1,0,0,N,,,,,,,
507,ratioNorm,1,1,0,0,2,64,0,2,16,0.1,1,0,0,0,N,,,,,,,
508,ratioNorm,1,1,0,0,2,64,0,2,16,0.1,1,1,0,0,N,,,,,,,
509,ratioNorm,1,1,0,0,2,64,0,2,16,0.2,0,0,0,0,N,,,,,,,
510,ratioNorm,1,1,0,0,2,64,0,2,16,0.2,0,1,0,0,N,,,,,,,
511,ratioNorm,1,1,0,0,2,64,0,2,16,0.2,1,0,0,0,N,,,,,,,
512,ratioNorm,1,1,0,0,2,64,0,2,16,0.2,1,1,0,0,N,,,,,,,
513,ratioNorm,1,1,0,0,2,64,0,2,32,0.1,0,0,0,0,N,,,,,,,
514,ratioNorm,1,1,0,0,2,64,0,2,32,0.1,0,1,0,0,N,,,,,,,
515,ratioNorm,1,1,0,0,2,64,0,2,32,0.1,1,0,0,0,N,,,,,,,
516,ratioNorm,1,1,0,0,2,64,0,2,32,0.1,1,1,0,0,N,,,,,,,
517,ratioNorm,1,1,0,0,2,64,0,2,32,0.2,0,0,0,0,N,,,,,,,
518,ratioNorm,1,1,0,0,2,64,0,2,32,0.2,0,1,0,0,N,,,,,,,
519,ratioNorm,1,1,0,0,2,64,0,2,32,0.2,1,0,0,0,N,,,,,,,
520,ratioNorm,1,1,0,0,2,64,0,2,32,0.2,1,1,0,0,N,,,,,,,
521,ratioNorm,1,1,0,0,2,64,0,2,64,0.1,0,0,0,0,N,,,,,,,
522,ratioNorm,1,1,0,0,2,64,0,2,64,0.1,0,1,0,0,N,,,,,,,
523,ratioNorm,1,1,0,0,2,64,0,2,64,0.1,1,0,0,0,N,,,,,,,
524,ratioNorm,1,1,0,0,2,64,0,2,64,0.1,1,1,0,0,N,,,,,,,
525,ratioNorm,1,1,0,0,2,64,0,2,64,0.2,0,0,0,0,N,,,,,,,
526,ratioNorm,1,1,0,0,2,64,0,2,64,0.2,0,1,0,0,N,,,,,,,
527,ratioNorm,1,1,0,0,2,64,0,2,64,0.2,1,0,0,0,N,,,,,,,
528,ratioNorm,1,1,0,0,2,64,0,2,64,0.2,1,1,0,0,N,,,,,,,
529,ratioNorm,1,1,0,0,2,64,1,1,16,0.1,0,0,0,0,N,,,,,,,
530,ratioNorm,1,1,0,0,2,64,1,1,16,0.1,0,1,0,0,N,,,,,,,
531,ratioNorm,1,1,0,0,2,64,1,1,16,0.1,1,0,0,0,N,,,,,,,
532,ratioNorm,1,1,0,0,2,64,1,1,16,0.1,1,1,0,0,N,,,,,,,
533,ratioNorm,1,1,0,0,2,64,1,1,16,0.2,0,0,0,0,N,,,,,,,
534,ratioNorm,1,1,0,0,2,64,1,1,16,0.2,0,1,0,0,N,,,,,,,
535,ratioNorm,1,1,0,0,2,64,1,1,16,0.2,1,0,0,0,N,,,,,,,
536,ratioNorm,1,1,0,0,2,64,1,1,16,0.2,1,1,0,0,N,,,,,,,
537,ratioNorm,1,1,0,0,2,64,1,1,32,0.1,0,0,0,0,N,,,,,,,
538,ratioNorm,1,1,0,0,2,64,1,1,32,0.1,0,1,0,0,N,,,,,,,
539,ratioNorm,1,1,0,0,2,64,1,1,32,0.1,1,0,0,0,N,,,,,,,
540,ratioNorm,1,1,0,0,2,64,1,1,32,0.1,1,1,0,0,N,,,,,,,
541,ratioNorm,1,1,0,0,2,64,1,1,32,0.2,0,0,0,0,N,,,,,,,
542,ratioNorm,1,1,0,0,2,64,1,1,32,0.2,0,1,0,0,N,,,,,,,
543,ratioNorm,1,1,0,0,2,64,1,1,32,0.2,1,0,0,0,N,,,,,,,
544,ratioNorm,1,1,0,0,2,64,1,1,32,0.2,1,1,0,0,N,,,,,,,
545,ratioNorm,1,1,0,0,2,64,1,1,64,0.1,0,0,0,0,N,,,,,,,
546,ratioNorm,1,1,0,0,2,64,1,1,64,0.1,0,1,0,0,N,,,,,,,
547,ratioNorm,1,1,0,0,2,64,1,1,64,0.1,1,0,0,0,N,,,,,,,
548,ratioNorm,1,1,0,0,2,64,1,1,64,0.1,1,1,0,0,N,,,,,,,
549,ratioNorm,1,1,0,0,2,64,1,1,64,0.2,0,0,0,0,N,,,,,,,
550,ratioNorm,1,1,0,0,2,64,1,1,64,0.2,0,1,0,0,N,,,,,,,
551,ratioNorm,1,1,0,0,2,64,1,1,64,0.2,1,0,0,0,N,,,,,,,
552,ratioNorm,1,1,0,0,2,64,1,1,64,0.2,1,1,0,0,N,,,,,,,
553,ratioNorm,1,1,0,0,2,64,1,2,16,0.1,0,0,0,0,N,,,,,,,
554,ratioNorm,1,1,0,0,2,64,1,2,16,0.1,0,1,0,0,N,,,,,,,
555,ratioNorm,1,1,0,0,2,64,1,2,16,0.1,1,0,0,0,N,,,,,,,
556,ratioNorm,1,1,0,0,2,64,1,2,16,0.1,1,1,0,0,N,,,,,,,
557,ratioNorm,1,1,0,0,2,64,1,2,16,0.2,0,0,0,0,N,,,,,,,
558,ratioNorm,1,1,0,0,2,64,1,2,16,0.2,0,1,0,0,N,,,,,,,
559,ratioNorm,1,1,0,0,2,64,1,2,16,0.2,1,0,0,0,N,,,,,,,
560,ratioNorm,1,1,0,0,2,64,1,2,16,0.2,1,1,0,0,N,,,,,,,
561,ratioNorm,1,1,0,0,2,64,1,2,32,0.1,0,0,0,0,N,,,,,,,
562,ratioNorm,1,1,0,0,2,64,1,2,32,0.1,0,1,0,0,N,,,,,,,
563,ratioNorm,1,1,0,0,2,64,1,2,32,0.1,1,0,0,0,N,,,,,,,
564,ratioNorm,1,1,0,0,2,64,1,2,32,0.1,1,1,0,0,N,,,,,,,
565,ratioNorm,1,1,0,0,2,64,1,2,32,0.2,0,0,0,0,N,,,,,,,
566,ratioNorm,1,1,0,0,2,64,1,2,32,0.2,0,1,0,0,N,,,,,,,
567,ratioNorm,1,1,0,0,2,64,1,2,32,0.2,1,0,0,0,N,,,,,,,
568,ratioNorm,1,1,0,0,2,64,1,2,32,0.2,1,1,0,0,N,,,,,,,
569,ratioNorm,1,1,0,0,2,64,1,2,64,0.1,0,0,0,0,N,,,,,,,
570,ratioNorm,1,1,0,0,2,64,1,2,64,0.1,0,1,0,0,N,,,,,,,
571,ratioNorm,1,1,0,0,2,64,1,2,64,0.1,1,0,0,0,N,,,,,,,
572,ratioNorm,1,1,0,0,2,64,1,2,64,0.1,1,1,0,0,N,,,,,,,
573,ratioNorm,1,1,0,0,2,64,1,2,64,0.2,0,0,0,0,N,,,,,,,
574,ratioNorm,1,1,0,0,2,64,1,2,64,0.2,0,1,0,0,N,,,,,,,
575,ratioNorm,1,1,0,0,2,64,1,2,64,0.2,1,0,0,0,N,,,,,,,
576,ratioNorm,1,1,0,0,2,64,1,2,64,0.2,1,1,0,0,N,,,,,,,
577,ratioNorm,1,1,0,1,1,16,0,1,16,0.1,0,0,0,0,N,,,,,,,
578,ratioNorm,1,1,0,1,1,16,0,1,16,0.1,0,1,0,0,N,,,,,,,
579,ratioNorm,1,1,0,1,1,16,0,1,16,0.1,1,0,0,0,N,,,,,,,
580,ratioNorm,1,1,0,1,1,16,0,1,16,0.1,1,1,0,0,N,,,,,,,
581,ratioNorm,1,1,0,1,1,16,0,1,16,0.2,0,0,0,0,N,,,,,,,
582,ratioNorm,1,1,0,1,1,16,0,1,16,0.2,0,1,0,0,N,,,,,,,
583,ratioNorm,1,1,0,1,1,16,0,1,16,0.2,1,0,0,0,N,,,,,,,
584,ratioNorm,1,1,0,1,1,16,0,1,16,0.2,1,1,0,0,N,,,,,,,
585,ratioNorm,1,1,0,1,1,16,0,1,32,0.1,0,0,0,0,N,,,,,,,
586,ratioNorm,1,1,0,1,1,16,0,1,32,0.1,0,1,0,0,N,,,,,,,
587,ratioNorm,1,1,0,1,1,16,0,1,32,0.1,1,0,0,0,N,,,,,,,
588,ratioNorm,1,1,0,1,1,16,0,1,32,0.1,1,1,0,0,N,,,,,,,
589,ratioNorm,1,1,0,1,1,16,0,1,32,0.2,0,0,0,0,N,,,,,,,
590,ratioNorm,1,1,0,1,1,16,0,1,32,0.2,0,1,0,0,N,,,,,,,
591,ratioNorm,1,1,0,1,1,16,0,1,32,0.2,1,0,0,0,N,,,,,,,
592,ratioNorm,1,1,0,1,1,16,0,1,32,0.2,1,1,0,0,N,,,,,,,
593,ratioNorm,1,1,0,1,1,16,0,1,64,0.1,0,0,0,0,N,,,,,,,
594,ratioNorm,1,1,0,1,1,16,0,1,64,0.1,0,1,0,0,N,,,,,,,
595,ratioNorm,1,1,0,1,1,16,0,1,64,0.1,1,0,0,0,N,,,,,,,
596,ratioNorm,1,1,0,1,1,16,0,1,64,0.1,1,1,0,0,N,,,,,,,
597,ratioNorm,1,1,0,1,1,16,0,1,64,0.2,0,0,0,0,N,,,,,,,
598,ratioNorm,1,1,0,1,1,16,0,1,64,0.2,0,1,0,0,N,,,,,,,
599,ratioNorm,1,1,0,1,1,16,0,1,64,0.2,1,0,0,0,N,,,,,,,
600,ratioNorm,1,1,0,1,1,16,0,1,64,0.2,1,1,0,0,N,,,,,,,
601,ratioNorm,1,1,0,1,1,16,0,2,16,0.1,0,0,0,0,N,,,,,,,
602,ratioNorm,1,1,0,1,1,16,0,2,16,0.1,0,1,0,0,N,,,,,,,
603,ratioNorm,1,1,0,1,1,16,0,2,16,0.1,1,0,0,0,N,,,,,,,
604,ratioNorm,1,1,0,1,1,16,0,2,16,0.1,1,1,0,0,N,,,,,,,
605,ratioNorm,1,1,0,1,1,16,0,2,16,0.2,0,0,0,0,N,,,,,,,
606,ratioNorm,1,1,0,1,1,16,0,2,16,0.2,0,1,0,0,N,,,,,,,
607,ratioNorm,1,1,0,1,1,16,0,2,16,0.2,1,0,0,0,N,,,,,,,
608,ratioNorm,1,1,0,1,1,16,0,2,16,0.2,1,1,0,0,N,,,,,,,
609,ratioNorm,1,1,0,1,1,16,0,2,32,0.1,0,0,0,0,N,,,,,,,
610,ratioNorm,1,1,0,1,1,16,0,2,32,0.1,0,1,0,0,N,,,,,,,
611,ratioNorm,1,1,0,1,1,16,0,2,32,0.1,1,0,0,0,N,,,,,,,
612,ratioNorm,1,1,0,1,1,16,0,2,32,0.1,1,1,0,0,N,,,,,,,
613,ratioNorm,1,1,0,1,1,16,0,2,32,0.2,0,0,0,0,N,,,,,,,
614,ratioNorm,1,1,0,1,1,16,0,2,32,0.2,0,1,0,0,N,,,,,,,
615,ratioNorm,1,1,0,1,1,16,0,2,32,0.2,1,0,0,0,N,,,,,,,
616,ratioNorm,1,1,0,1,1,16,0,2,32,0.2,1,1,0,0,N,,,,,,,
617,ratioNorm,1,1,0,1,1,16,0,2,64,0.1,0,0,0,0,N,,,,,,,
618,ratioNorm,1,1,0,1,1,16,0,2,64,0.1,0,1,0,0,N,,,,,,,
619,ratioNorm,1,1,0,1,1,16,0,2,64,0.1,1,0,0,0,N,,,,,,,
620,ratioNorm,1,1,0,1,1,16,0,2,64,0.1,1,1,0,0,N,,,,,,,
621,ratioNorm,1,1,0,1,1,16,0,2,64,0.2,0,0,0,0,N,,,,,,,
622,ratioNorm,1,1,0,1,1,16,0,2,64,0.2,0,1,0,0,N,,,,,,,
623,ratioNorm,1,1,0,1,1,16,0,2,64,0.2,1,0,0,0,N,,,,,,,
624,ratioNorm,1,1,0,1,1,16,0,2,64,0.2,1,1,0,0,N,,,,,,,
625,ratioNorm,1,1,0,1,1,16,1,1,16,0.1,0,0,0,0,N,,,,,,,
626,ratioNorm,1,1,0,1,1,16,1,1,16,0.1,0,1,0,0,N,,,,,,,
627,ratioNorm,1,1,0,1,1,16,1,1,16,0.1,1,0,0,0,N,,,,,,,
628,ratioNorm,1,1,0,1,1,16,1,1,16,0.1,1,1,0,0,N,,,,,,,
629,ratioNorm,1,1,0,1,1,16,1,1,16,0.2,0,0,0,0,N,,,,,,,
630,ratioNorm,1,1,0,1,1,16,1,1,16,0.2,0,1,0,0,N,,,,,,,
631,ratioNorm,1,1,0,1,1,16,1,1,16,0.2,1,0,0,0,N,,,,,,,
632,ratioNorm,1,1,0,1,1,16,1,1,16,0.2,1,1,0,0,N,,,,,,,
633,ratioNorm,1,1,0,1,1,16,1,1,32,0.1,0,0,0,0,N,,,,,,,
634,ratioNorm,1,1,0,1,1,16,1,1,32,0.1,0,1,0,0,N,,,,,,,
635,ratioNorm,1,1,0,1,1,16,1,1,32,0.1,1,0,0,0,N,,,,,,,
636,ratioNorm,1,1,0,1,1,16,1,1,32,0.1,1,1,0,0,N,,,,,,,
637,ratioNorm,1,1,0,1,1,16,1,1,32,0.2,0,0,0,0,N,,,,,,,
638,ratioNorm,1,1,0,1,1,16,1,1,32,0.2,0,1,0,0,N,,,,,,,
639,ratioNorm,1,1,0,1,1,16,1,1,32,0.2,1,0,0,0,N,,,,,,,
640,ratioNorm,1,1,0,1,1,16,1,1,32,0.2,1,1,0,0,N,,,,,,,
641,ratioNorm,1,1,0,1,1,16,1,1,64,0.1,0,0,0,0,N,,,,,,,
642,ratioNorm,1,1,0,1,1,16,1,1,64,0.1,0,1,0,0,N,,,,,,,
643,ratioNorm,1,1,0,1,1,16,1,1,64,0.1,1,0,0,0,N,,,,,,,
644,ratioNorm,1,1,0,1,1,16,1,1,64,0.1,1,1,0,0,N,,,,,,,
645,ratioNorm,1,1,0,1,1,16,1,1,64,0.2,0,0,0,0,N,,,,,,,
646,ratioNorm,1,1,0,1,1,16,1,1,64,0.2,0,1,0,0,N,,,,,,,
647,ratioNorm,1,1,0,1,1,16,1,1,64,0.2,1,0,0,0,N,,,,,,,
648,ratioNorm,1,1,0,1,1,16,1,1,64,0.2,1,1,0,0,N,,,,,,,
649,ratioNorm,1,1,0,1,1,16,1,2,16,0.1,0,0,0,0,N,,,,,,,
650,ratioNorm,1,1,0,1,1,16,1,2,16,0.1,0,1,0,0,N,,,,,,,
651,ratioNorm,1,1,0,1,1,16,1,2,16,0.1,1,0,0,0,N,,,,,,,
652,ratioNorm,1,1,0,1,1,16,1,2,16,0.1,1,1,0,0,N,,,,,,,
653,ratioNorm,1,1,0,1,1,16,1,2,16,0.2,0,0,0,0,N,,,,,,,
654,ratioNorm,1,1,0,1,1,16,1,2,16,0.2,0,1,0,0,N,,,,,,,
655,ratioNorm,1,1,0,1,1,16,1,2,16,0.2,1,0,0,0,N,,,,,,,
656,ratioNorm,1,1,0,1,1,16,1,2,16,0.2,1,1,0,0,N,,,,,,,
657,ratioNorm,1,1,0,1,1,16,1,2,32,0.1,0,0,0,0,N,,,,,,,
658,ratioNorm,1,1,0,1,1,16,1,2,32,0.1,0,1,0,0,N,,,,,,,
659,ratioNorm,1,1,0,1,1,16,1,2,32,0.1,1,0,0,0,N,,,,,,,
660,ratioNorm,1,1,0,1,1,16,1,2,32,0.1,1,1,0,0,N,,,,,,,
661,ratioNorm,1,1,0,1,1,16,1,2,32,0.2,0,0,0,0,N,,,,,,,
662,ratioNorm,1,1,0,1,1,16,1,2,32,0.2,0,1,0,0,N,,,,,,,
663,ratioNorm,1,1,0,1,1,16,1,2,32,0.2,1,0,0,0,N,,,,,,,
664,ratioNorm,1,1,0,1,1,16,1,2,32,0.2,1,1,0,0,N,,,,,,,
665,ratioNorm,1,1,0,1,1,16,1,2,64,0.1,0,0,0,0,N,,,,,,,
666,ratioNorm,1,1,0,1,1,16,1,2,64,0.1,0,1,0,0,N,,,,,,,
667,ratioNorm,1,1,0,1,1,16,1,2,64,0.1,1,0,0,0,N,,,,,,,
668,ratioNorm,1,1,0,1,1,16,1,2,64,0.1,1,1,0,0,N,,,,,,,
669,ratioNorm,1,1,0,1,1,16,1,2,64,0.2,0,0,0,0,N,,,,,,,
670,ratioNorm,1,1,0,1,1,16,1,2,64,0.2,0,1,0,0,N,,,,,,,
671,ratioNorm,1,1,0,1,1,16,1,2,64,0.2,1,0,0,0,N,,,,,,,
672,ratioNorm,1,1,0,1,1,16,1,2,64,0.2,1,1,0,0,N,,,,,,,
673,ratioNorm,1,1,0,1,1,32,0,1,16,0.1,0,0,0,0,N,,,,,,,
674,ratioNorm,1,1,0,1,1,32,0,1,16,0.1,0,1,0,0,N,,,,,,,
675,ratioNorm,1,1,0,1,1,32,0,1,16,0.1,1,0,0,0,N,,,,,,,
676,ratioNorm,1,1,0,1,1,32,0,1,16,0.1,1,1,0,0,N,,,,,,,
677,ratioNorm,1,1,0,1,1,32,0,1,16,0.2,0,0,0,0,N,,,,,,,
678,ratioNorm,1,1,0,1,1,32,0,1,16,0.2,0,1,0,0,N,,,,,,,
679,ratioNorm,1,1,0,1,1,32,0,1,16,0.2,1,0,0,0,N,,,,,,,
680,ratioNorm,1,1,0,1,1,32,0,1,16,0.2,1,1,0,0,N,,,,,,,
681,ratioNorm,1,1,0,1,1,32,0,1,32,0.1,0,0,0,0,N,,,,,,,
682,ratioNorm,1,1,0,1,1,32,0,1,32,0.1,0,1,0,0,N,,,,,,,
683,ratioNorm,1,1,0,1,1,32,0,1,32,0.1,1,0,0,0,N,,,,,,,
684,ratioNorm,1,1,0,1,1,32,0,1,32,0.1,1,1,0,0,N,,,,,,,
685,ratioNorm,1,1,0,1,1,32,0,1,32,0.2,0,0,0,0,N,,,,,,,
686,ratioNorm,1,1,0,1,1,32,0,1,32,0.2,0,1,0,0,N,,,,,,,
687,ratioNorm,1,1,0,1,1,32,0,1,32,0.2,1,0,0,0,N,,,,,,,
688,ratioNorm,1,1,0,1,1,32,0,1,32,0.2,1,1,0,0,N,,,,,,,
689,ratioNorm,1,1,0,1,1,32,0,1,64,0.1,0,0,0,0,N,,,,,,,
690,ratioNorm,1,1,0,1,1,32,0,1,64,0.1,0,1,0,0,N,,,,,,,
691,ratioNorm,1,1,0,1,1,32,0,1,64,0.1,1,0,0,0,N,,,,,,,
692,ratioNorm,1,1,0,1,1,32,0,1,64,0.1,1,1,0,0,N,,,,,,,
693,ratioNorm,1,1,0,1,1,32,0,1,64,0.2,0,0,0,0,N,,,,,,,
694,ratioNorm,1,1,0,1,1,32,0,1,64,0.2,0,1,0,0,N,,,,,,,
695,ratioNorm,1,1,0,1,1,32,0,1,64,0.2,1,0,0,0,N,,,,,,,
696,ratioNorm,1,1,0,1,1,32,0,1,64,0.2,1,1,0,0,N,,,,,,,
697,ratioNorm,1,1,0,1,1,32,0,2,16,0.1,0,0,0,0,N,,,,,,,
698,ratioNorm,1,1,0,1,1,32,0,2,16,0.1,0,1,0,0,N,,,,,,,
699,ratioNorm,1,1,0,1,1,32,0,2,16,0.1,1,0,0,0,N,,,,,,,
700,ratioNorm,1,1,0,1,1,32,0,2,16,0.1,1,1,0,0,N,,,,,,,
701,ratioNorm,1,1,0,1,1,32,0,2,16,0.2,0,0,0,0,N,,,,,,,
702,ratioNorm,1,1,0,1,1,32,0,2,16,0.2,0,1,0,0,N,,,,,,,
703,ratioNorm,1,1,0,1,1,32,0,2,16,0.2,1,0,0,0,N,,,,,,,
704,ratioNorm,1,1,0,1,1,32,0,2,16,0.2,1,1,0,0,N,,,,,,,
705,ratioNorm,1,1,0,1,1,32,0,2,32,0.1,0,0,0,0,N,,,,,,,
706,ratioNorm,1,1,0,1,1,32,0,2,32,0.1,0,1,0,0,N,,,,,,,
707,ratioNorm,1,1,0,1,1,32,0,2,32,0.1,1,0,0,0,N,,,,,,,
708,ratioNorm,1,1,0,1,1,32,0,2,32,0.1,1,1,0,0,N,,,,,,,
709,ratioNorm,1,1,0,1,1,32,0,2,32,0.2,0,0,0,0,N,,,,,,,
710,ratioNorm,1,1,0,1,1,32,0,2,32,0.2,0,1,0,0,N,,,,,,,
711,ratioNorm,1,1,0,1,1,32,0,2,32,0.2,1,0,0,0,N,,,,,,,
712,ratioNorm,1,1,0,1,1,32,0,2,32,0.2,1,1,0,0,N,,,,,,,
713,ratioNorm,1,1,0,1,1,32,0,2,64,0.1,0,0,0,0,N,,,,,,,
714,ratioNorm,1,1,0,1,1,32,0,2,64,0.1,0,1,0,0,N,,,,,,,
715,ratioNorm,1,1,0,1,1,32,0,2,64,0.1,1,0,0,0,N,,,,,,,
716,ratioNorm,1,1,0,1,1,32,0,2,64,0.1,1,1,0,0,N,,,,,,,
717,ratioNorm,1,1,0,1,1,32,0,2,64,0.2,0,0,0,0,N,,,,,,,
718,ratioNorm,1,1,0,1,1,32,0,2,64,0.2,0,1,0,0,N,,,,,,,
719,ratioNorm,1,1,0,1,1,32,0,2,64,0.2,1,0,0,0,N,,,,,,,
720,ratioNorm,1,1,0,1,1,32,0,2,64,0.2,1,1,0,0,N,,,,,,,
721,ratioNorm,1,1,0,1,1,32,1,1,16,0.1,0,0,0,0,N,,,,,,,
722,ratioNorm,1,1,0,1,1,32,1,1,16,0.1,0,1,0,0,N,,,,,,,
723,ratioNorm,1,1,0,1,1,32,1,1,16,0.1,1,0,0,0,N,,,,,,,
724,ratioNorm,1,1,0,1,1,32,1,1,16,0.1,1,1,0,0,N,,,,,,,
725,ratioNorm,1,1,0,1,1,32,1,1,16,0.2,0,0,0,0,N,,,,,,,
726,ratioNorm,1,1,0,1,1,32,1,1,16,0.2,0,1,0,0,N,,,,,,,
727,ratioNorm,1,1,0,1,1,32,1,1,16,0.2,1,0,0,0,N,,,,,,,
728,ratioNorm,1,1,0,1,1,32,1,1,16,0.2,1,1,0,0,N,,,,,,,
729,ratioNorm,1,1,0,1,1,32,1,1,32,0.1,0,0,0,0,N,,,,,,,
730,ratioNorm,1,1,0,1,1,32,1,1,32,0.1,0,1,0,0,N,,,,,,,
731,ratioNorm,1,1,0,1,1,32,1,1,32,0.1,1,0,0,0,N,,,,,,,
732,ratioNorm,1,1,0,1,1,32,1,1,32,0.1,1,1,0,0,N,,,,,,,
733,ratioNorm,1,1,0,1,1,32,1,1,32,0.2,0,0,0,0,N,,,,,,,
734,ratioNorm,1,1,0,1,1,32,1,1,32,0.2,0,1,0,0,N,,,,,,,
735,ratioNorm,1,1,0,1,1,32,1,1,32,0.2,1,0,0,0,N,,,,,,,
736,ratioNorm,1,1,0,1,1,32,1,1,32,0.2,1,1,0,0,N,,,,,,,
737,ratioNorm,1,1,0,1,1,32,1,1,64,0.1,0,0,0,0,N,,,,,,,
738,ratioNorm,1,1,0,1,1,32,1,1,64,0.1,0,1,0,0,N,,,,,,,
739,ratioNorm,1,1,0,1,1,32,1,1,64,0.1,1,0,0,0,N,,,,,,,
740,ratioNorm,1,1,0,1,1,32,1,1,64,0.1,1,1,0,0,N,,,,,,,
741,ratioNorm,1,1,0,1,1,32,1,1,64,0.2,0,0,0,0,N,,,,,,,
742,ratioNorm,1,1,0,1,1,32,1,1,64,0.2,0,1,0,0,N,,,,,,,
743,ratioNorm,1,1,0,1,1,32,1,1,64,0.2,1,0,0,0,N,,,,,,,
744,ratioNorm,1,1,0,1,1,32,1,1,64,0.2,1,1,0,0,N,,,,,,,
745,ratioNorm,1,1,0,1,1,32,1,2,16,0.1,0,0,0,0,N,,,,,,,
746,ratioNorm,1,1,0,1,1,32,1,2,16,0.1,0,1,0,0,N,,,,,,,
747,ratioNorm,1,1,0,1,1,32,1,2,16,0.1,1,0,0,0,N,,,,,,,
748,ratioNorm,1,1,0,1,1,32,1,2,16,0.1,1,1,0,0,N,,,,,,,
749,ratioNorm,1,1,0,1,1,32,1,2,16,0.2,0,0,0,0,N,,,,,,,
750,ratioNorm,1,1,0,1,1,32,1,2,16,0.2,0,1,0,0,N,,,,,,,
751,ratioNorm,1,1,0,1,1,32,1,2,16,0.2,1,0,0,0,N,,,,,,,
752,ratioNorm,1,1,0,1,1,32,1,2,16,0.2,1,1,0,0,N,,,,,,,
753,ratioNorm,1,1,0,1,1,32,1,2,32,0.1,0,0,0,0,N,,,,,,,
754,ratioNorm,1,1,0,1,1,32,1,2,32,0.1,0,1,0,0,N,,,,,,,
755,ratioNorm,1,1,0,1,1,32,1,2,32,0.1,1,0,0,0,N,,,,,,,
756,ratioNorm,1,1,0,1,1,32,1,2,32,0.1,1,1,0,0,N,,,,,,,
757,ratioNorm,1,1,0,1,1,32,1,2,32,0.2,0,0,0,0,N,,,,,,,
758,ratioNorm,1,1,0,1,1,32,1,2,32,0.2,0,1,0,0,N,,,,,,,
759,ratioNorm,1,1,0,1,1,32,1,2,32,0.2,1,0,0,0,N,,,,,,,
760,ratioNorm,1,1,0,1,1,32,1,2,32,0.2,1,1,0,0,N,,,,,,,
761,ratioNorm,1,1,0,1,1,32,1,2,64,0.1,0,0,0,0,N,,,,,,,
762,ratioNorm,1,1,0,1,1,32,1,2,64,0.1,0,1,0,0,N,,,,,,,
763,ratioNorm,1,1,0,1,1,32,1,2,64,0.1,1,0,0,0,N,,,,,,,
764,ratioNorm,1,1,0,1,1,32,1,2,64,0.1,1,1,0,0,N,,,,,,,
765,ratioNorm,1,1,0,1,1,32,1,2,64,0.2,0,0,0,0,N,,,,,,,
766,ratioNorm,1,1,0,1,1,32,1,2,64,0.2,0,1,0,0,N,,,,,,,
767,ratioNorm,1,1,0,1,1,32,1,2,64,0.2,1,0,0,0,N,,,,,,,
768,ratioNorm,1,1,0,1,1,32,1,2,64,0.2,1,1,0,0,N,,,,,,,
769,ratioNorm,1,1,0,1,1,64,0,1,16,0.1,0,0,0,0,N,,,,,,,
770,ratioNorm,1,1,0,1,1,64,0,1,16,0.1,0,1,0,0,N,,,,,,,
771,ratioNorm,1,1,0,1,1,64,0,1,16,0.1,1,0,0,0,N,,,,,,,
772,ratioNorm,1,1,0,1,1,64,0,1,16,0.1,1,1,0,0,N,,,,,,,
773,ratioNorm,1,1,0,1,1,64,0,1,16,0.2,0,0,0,0,N,,,,,,,
774,ratioNorm,1,1,0,1,1,64,0,1,16,0.2,0,1,0,0,N,,,,,,,
775,ratioNorm,1,1,0,1,1,64,0,1,16,0.2,1,0,0,0,N,,,,,,,
776,ratioNorm,1,1,0,1,1,64,0,1,16,0.2,1,1,0,0,N,,,,,,,
777,ratioNorm,1,1,0,1,1,64,0,1,32,0.1,0,0,0,0,N,,,,,,,
778,ratioNorm,1,1,0,1,1,64,0,1,32,0.1,0,1,0,0,N,,,,,,,
779,ratioNorm,1,1,0,1,1,64,0,1,32,0.1,1,0,0,0,N,,,,,,,
780,ratioNorm,1,1,0,1,1,64,0,1,32,0.1,1,1,0,0,N,,,,,,,
781,ratioNorm,1,1,0,1,1,64,0,1,32,0.2,0,0,0,0,N,,,,,,,
782,ratioNorm,1,1,0,1,1,64,0,1,32,0.2,0,1,0,0,N,,,,,,,
783,ratioNorm,1,1,0,1,1,64,0,1,32,0.2,1,0,0,0,N,,,,,,,
784,ratioNorm,1,1,0,1,1,64,0,1,32,0.2,1,1,0,0,N,,,,,,,
785,ratioNorm,1,1,0,1,1,64,0,1,64,0.1,0,0,0,0,N,,,,,,,
786,ratioNorm,1,1,0,1,1,64,0,1,64,0.1,0,1,0,0,N,,,,,,,
787,ratioNorm,1,1,0,1,1,64,0,1,64,0.1,1,0,0,0,N,,,,,,,
788,ratioNorm,1,1,0,1,1,64,0,1,64,0.1,1,1,0,0,N,,,,,,,
789,ratioNorm,1,1,0,1,1,64,0,1,64,0.2,0,0,0,0,N,,,,,,,
790,ratioNorm,1,1,0,1,1,64,0,1,64,0.2,0,1,0,0,N,,,,,,,
791,ratioNorm,1,1,0,1,1,64,0,1,64,0.2,1,0,0,0,N,,,,,,,
792,ratioNorm,1,1,0,1,1,64,0,1,64,0.2,1,1,0,0,N,,,,,,,
793,ratioNorm,1,1,0,1,1,64,0,2,16,0.1,0,0,0,0,N,,,,,,,
794,ratioNorm,1,1,0,1,1,64,0,2,16,0.1,0,1,0,0,N,,,,,,,
795,ratioNorm,1,1,0,1,1,64,0,2,16,0.1,1,0,0,0,N,,,,,,,
796,ratioNorm,1,1,0,1,1,64,0,2,16,0.1,1,1,0,0,N,,,,,,,
797,ratioNorm,1,1,0,1,1,64,0,2,16,0.2,0,0,0,0,N,,,,,,,
798,ratioNorm,1,1,0,1,1,64,0,2,16,0.2,0,1,0,0,N,,,,,,,
799,ratioNorm,1,1,0,1,1,64,0,2,16,0.2,1,0,0,0,N,,,,,,,
800,ratioNorm,1,1,0,1,1,64,0,2,16,0.2,1,1,0,0,N,,,,,,,
801,ratioNorm,1,1,0,1,1,64,0,2,32,0.1,0,0,0,0,N,,,,,,,
802,ratioNorm,1,1,0,1,1,64,0,2,32,0.1,0,1,0,0,N,,,,,,,
803,ratioNorm,1,1,0,1,1,64,0,2,32,0.1,1,0,0,0,N,,,,,,,
804,ratioNorm,1,1,0,1,1,64,0,2,32,0.1,1,1,0,0,N,,,,,,,
805,ratioNorm,1,1,0,1,1,64,0,2,32,0.2,0,0,0,0,N,,,,,,,
806,ratioNorm,1,1,0,1,1,64,0,2,32,0.2,0,1,0,0,N,,,,,,,
807,ratioNorm,1,1,0,1,1,64,0,2,32,0.2,1,0,0,0,N,,,,,,,
808,ratioNorm,1,1,0,1,1,64,0,2,32,0.2,1,1,0,0,N,,,,,,,
809,ratioNorm,1,1,0,1,1,64,0,2,64,0.1,0,0,0,0,N,,,,,,,
810,ratioNorm,1,1,0,1,1,64,0,2,64,0.1,0,1,0,0,N,,,,,,,
811,ratioNorm,1,1,0,1,1,64,0,2,64,0.1,1,0,0,0,N,,,,,,,
812,ratioNorm,1,1,0,1,1,64,0,2,64,0.1,1,1,0,0,N,,,,,,,
813,ratioNorm,1,1,0,1,1,64,0,2,64,0.2,0,0,0,0,N,,,,,,,
814,ratioNorm,1,1,0,1,1,64,0,2,64,0.2,0,1,0,0,N,,,,,,,
815,ratioNorm,1,1,0,1,1,64,0,2,64,0.2,1,0,0,0,N,,,,,,,
816,ratioNorm,1,1,0,1,1,64,0,2,64,0.2,1,1,0,0,N,,,,,,,
817,ratioNorm,1,1,0,1,1,64,1,1,16,0.1,0,0,0,0,N,,,,,,,
818,ratioNorm,1,1,0,1,1,64,1,1,16,0.1,0,1,0,0,N,,,,,,,
819,ratioNorm,1,1,0,1,1,64,1,1,16,0.1,1,0,0,0,N,,,,,,,
820,ratioNorm,1,1,0,1,1,64,1,1,16,0.1,1,1,0,0,N,,,,,,,
821,ratioNorm,1,1,0,1,1,64,1,1,16,0.2,0,0,0,0,N,,,,,,,
822,ratioNorm,1,1,0,1,1,64,1,1,16,0.2,0,1,0,0,N,,,,,,,
823,ratioNorm,1,1,0,1,1,64,1,1,16,0.2,1,0,0,0,N,,,,,,,
824,ratioNorm,1,1,0,1,1,64,1,1,16,0.2,1,1,0,0,N,,,,,,,
825,ratioNorm,1,1,0,1,1,64,1,1,32,0.1,0,0,0,0,N,,,,,,,
826,ratioNorm,1,1,0,1,1,64,1,1,32,0.1,0,1,0,0,N,,,,,,,
827,ratioNorm,1,1,0,1,1,64,1,1,32,0.1,1,0,0,0,N,,,,,,,
828,ratioNorm,1,1,0,1,1,64,1,1,32,0.1,1,1,0,0,N,,,,,,,
829,ratioNorm,1,1,0,1,1,64,1,1,32,0.2,0,0,0,0,N,,,,,,,
830,ratioNorm,1,1,0,1,1,64,1,1,32,0.2,0,1,0,0,N,,,,,,,
831,ratioNorm,1,1,0,1,1,64,1,1,32,0.2,1,0,0,0,N,,,,,,,
832,ratioNorm,1,1,0,1,1,64,1,1,32,0.2,1,1,0,0,N,,,,,,,
833,ratioNorm,1,1,0,1,1,64,1,1,64,0.1,0,0,0,0,N,,,,,,,
834,ratioNorm,1,1,0,1,1,64,1,1,64,0.1,0,1,0,0,N,,,,,,,
835,ratioNorm,1,1,0,1,1,64,1,1,64,0.1,1,0,0,0,N,,,,,,,
836,ratioNorm,1,1,0,1,1,64,1,1,64,0.1,1,1,0,0,N,,,,,,,
837,ratioNorm,1,1,0,1,1,64,1,1,64,0.2,0,0,0,0,N,,,,,,,
838,ratioNorm,1,1,0,1,1,64,1,1,64,0.2,0,1,0,0,N,,,,,,,
839,ratioNorm,1,1,0,1,1,64,1,1,64,0.2,1,0,0,0,N,,,,,,,
840,ratioNorm,1,1,0,1,1,64,1,1,64,0.2,1,1,0,0,N,,,,,,,
841,ratioNorm,1,1,0,1,1,64,1,2,16,0.1,0,0,0,0,N,,,,,,,
842,ratioNorm,1,1,0,1,1,64,1,2,16,0.1,0,1,0,0,N,,,,,,,
843,ratioNorm,1,1,0,1,1,64,1,2,16,0.1,1,0,0,0,N,,,,,,,
844,ratioNorm,1,1,0,1,1,64,1,2,16,0.1,1,1,0,0,N,,,,,,,
845,ratioNorm,1,1,0,1,1,64,1,2,16,0.2,0,0,0,0,N,,,,,,,
846,ratioNorm,1,1,0,1,1,64,1,2,16,0.2,0,1,0,0,N,,,,,,,
847,ratioNorm,1,1,0,1,1,64,1,2,16,0.2,1,0,0,0,N,,,,,,,
848,ratioNorm,1,1,0,1,1,64,1,2,16,0.2,1,1,0,0,N,,,,,,,
849,ratioNorm,1,1,0,1,1,64,1,2,32,0.1,0,0,0,0,N,,,,,,,
850,ratioNorm,1,1,0,1,1,64,1,2,32,0.1,0,1,0,0,N,,,,,,,
851,ratioNorm,1,1,0,1,1,64,1,2,32,0.1,1,0,0,0,N,,,,,,,
852,ratioNorm,1,1,0,1,1,64,1,2,32,0.1,1,1,0,0,N,,,,,,,
853,ratioNorm,1,1,0,1,1,64,1,2,32,0.2,0,0,0,0,N,,,,,,,
854,ratioNorm,1,1,0,1,1,64,1,2,32,0.2,0,1,0,0,N,,,,,,,
855,ratioNorm,1,1,0,1,1,64,1,2,32,0.2,1,0,0,0,N,,,,,,,
856,ratioNorm,1,1,0,1,1,64,1,2,32,0.2,1,1,0,0,N,,,,,,,
857,ratioNorm,1,1,0,1,1,64,1,2,64,0.1,0,0,0,0,N,,,,,,,
858,ratioNorm,1,1,0,1,1,64,1,2,64,0.1,0,1,0,0,N,,,,,,,
859,ratioNorm,1,1,0,1,1,64,1,2,64,0.1,1,0,0,0,N,,,,,,,
860,ratioNorm,1,1,0,1,1,64,1,2,64,0.1,1,1,0,0,N,,,,,,,
861,ratioNorm,1,1,0,1,1,64,1,2,64,0.2,0,0,0,0,N,,,,,,,
862,ratioNorm,1,1,0,1,1,64,1,2,64,0.2,0,1,0,0,N,,,,,,,
863,ratioNorm,1,1,0,1,1,64,1,2,64,0.2,1,0,0,0,N,,,,,,,
864,ratioNorm,1,1,0,1,1,64,1,2,64,0.2,1,1,0,0,N,,,,,,,
865,ratioNorm,1,1,0,1,2,16,0,1,16,0.1,0,0,0,0,N,,,,,,,
866,ratioNorm,1,1,0,1,2,16,0,1,16,0.1,0,1,0,0,N,,,,,,,
867,ratioNorm,1,1,0,1,2,16,0,1,16,0.1,1,0,0,0,N,,,,,,,
868,ratioNorm,1,1,0,1,2,16,0,1,16,0.1,1,1,0,0,N,,,,,,,
869,ratioNorm,1,1,0,1,2,16,0,1,16,0.2,0,0,0,0,N,,,,,,,
870,ratioNorm,1,1,0,1,2,16,0,1,16,0.2,0,1,0,0,N,,,,,,,
871,ratioNorm,1,1,0,1,2,16,0,1,16,0.2,1,0,0,0,N,,,,,,,
872,ratioNorm,1,1,0,1,2,16,0,1,16,0.2,1,1,0,0,N,,,,,,,
873,ratioNorm,1,1,0,1,2,16,0,1,32,0.1,0,0,0,0,N,,,,,,,
874,ratioNorm,1,1,0,1,2,16,0,1,32,0.1,0,1,0,0,N,,,,,,,
875,ratioNorm,1,1,0,1,2,16,0,1,32,0.1,1,0,0,0,N,,,,,,,
876,ratioNorm,1,1,0,1,2,16,0,1,32,0.1,1,1,0,0,N,,,,,,,
877,ratioNorm,1,1,0,1,2,16,0,1,32,0.2,0,0,0,0,N,,,,,,,
878,ratioNorm,1,1,0,1,2,16,0,1,32,0.2,0,1,0,0,N,,,,,,,
879,ratioNorm,1,1,0,1,2,16,0,1,32,0.2,1,0,0,0,N,,,,,,,
880,ratioNorm,1,1,0,1,2,16,0,1,32,0.2,1,1,0,0,N,,,,,,,
881,ratioNorm,1,1,0,1,2,16,0,1,64,0.1,0,0,0,0,N,,,,,,,
882,ratioNorm,1,1,0,1,2,16,0,1,64,0.1,0,1,0,0,N,,,,,,,
883,ratioNorm,1,1,0,1,2,16,0,1,64,0.1,1,0,0,0,N,,,,,,,
884,ratioNorm,1,1,0,1,2,16,0,1,64,0.1,1,1,0,0,N,,,,,,,
885,ratioNorm,1,1,0,1,2,16,0,1,64,0.2,0,0,0,0,N,,,,,,,
886,ratioNorm,1,1,0,1,2,16,0,1,64,0.2,0,1,0,0,N,,,,,,,
887,ratioNorm,1,1,0,1,2,16,0,1,64,0.2,1,0,0,0,N,,,,,,,
888,ratioNorm,1,1,0,1,2,16,0,1,64,0.2,1,1,0,0,N,,,,,,,
889,ratioNorm,1,1,0,1,2,16,0,2,16,0.1,0,0,0,0,N,,,,,,,
890,ratioNorm,1,1,0,1,2,16,0,2,16,0.1,0,1,0,0,N,,,,,,,
891,ratioNorm,1,1,0,1,2,16,0,2,16,0.1,1,0,0,0,N,,,,,,,
892,ratioNorm,1,1,0,1,2,16,0,2,16,0.1,1,1,0,0,N,,,,,,,
893,ratioNorm,1,1,0,1,2,16,0,2,16,0.2,0,0,0,0,N,,,,,,,
894,ratioNorm,1,1,0,1,2,16,0,2,16,0.2,0,1,0,0,N,,,,,,,
895,ratioNorm,1,1,0,1,2,16,0,2,16,0.2,1,0,0,0,N,,,,,,,
896,ratioNorm,1,1,0,1,2,16,0,2,16,0.2,1,1,0,0,N,,,,,,,
897,ratioNorm,1,1,0,1,2,16,0,2,32,0.1,0,0,0,0,N,,,,,,,
898,ratioNorm,1,1,0,1,2,16,0,2,32,0.1,0,1,0,0,N,,,,,,,
899,ratioNorm,1,1,0,1,2,16,0,2,32,0.1,1,0,0,0,N,,,,,,,
900,ratioNorm,1,1,0,1,2,16,0,2,32,0.1,1,1,0,0,N,,,,,,,
901,ratioNorm,1,1,0,1,2,16,0,2,32,0.2,0,0,0,0,N,,,,,,,
902,ratioNorm,1,1,0,1,2,16,0,2,32,0.2,0,1,0,0,N,,,,,,,
903,ratioNorm,1,1,0,1,2,16,0,2,32,0.2,1,0,0,0,N,,,,,,,
904,ratioNorm,1,1,0,1,2,16,0,2,32,0.2,1,1,0,0,N,,,,,,,
905,ratioNorm,1,1,0,1,2,16,0,2,64,0.1,0,0,0,0,N,,,,,,,
906,ratioNorm,1,1,0,1,2,16,0,2,64,0.1,0,1,0,0,N,,,,,,,
907,ratioNorm,1,1,0,1,2,16,0,2,64,0.1,1,0,0,0,N,,,,,,,
908,ratioNorm,1,1,0,1,2,16,0,2,64,0.1,1,1,0,0,N,,,,,,,
909,ratioNorm,1,1,0,1,2,16,0,2,64,0.2,0,0,0,0,N,,,,,,,
910,ratioNorm,1,1,0,1,2,16,0,2,64,0.2,0,1,0,0,N,,,,,,,
911,ratioNorm,1,1,0,1,2,16,0,2,64,0.2,1,0,0,0,N,,,,,,,
912,ratioNorm,1,1,0,1,2,16,0,2,64,0.2,1,1,0,0,N,,,,,,,
913,ratioNorm,1,1,0,1,2,16,1,1,16,0.1,0,0,0,0,N,,,,,,,
914,ratioNorm,1,1,0,1,2,16,1,1,16,0.1,0,1,0,0,N,,,,,,,
915,ratioNorm,1,1,0,1,2,16,1,1,16,0.1,1,0,0,0,N,,,,,,,
916,ratioNorm,1,1,0,1,2,16,1,1,16,0.1,1,1,0,0,N,,,,,,,
917,ratioNorm,1,1,0,1,2,16,1,1,16,0.2,0,0,0,0,N,,,,,,,
918,ratioNorm,1,1,0,1,2,16,1,1,16,0.2,0,1,0,0,N,,,,,,,
919,ratioNorm,1,1,0,1,2,16,1,1,16,0.2,1,0,0,0,N,,,,,,,
920,ratioNorm,1,1,0,1,2,16,1,1,16,0.2,1,1,0,0,N,,,,,,,
921,ratioNorm,1,1,0,1,2,16,1,1,32,0.1,0,0,0,0,N,,,,,,,
922,ratioNorm,1,1,0,1,2,16,1,1,32,0.1,0,1,0,0,N,,,,,,,
923,ratioNorm,1,1,0,1,2,16,1,1,32,0.1,1,0,0,0,N,,,,,,,
924,ratioNorm,1,1,0,1,2,16,1,1,32,0.1,1,1,0,0,N,,,,,,,
925,ratioNorm,1,1,0,1,2,16,1,1,32,0.2,0,0,0,0,N,,,,,,,
926,ratioNorm,1,1,0,1,2,16,1,1,32,0.2,0,1,0,0,N,,,,,,,
927,ratioNorm,1,1,0,1,2,16,1,1,32,0.2,1,0,0,0,N,,,,,,,
928,ratioNorm,1,1,0,1,2,16,1,1,32,0.2,1,1,0,0,N,,,,,,,
929,ratioNorm,1,1,0,1,2,16,1,1,64,0.1,0,0,0,0,N,,,,,,,
930,ratioNorm,1,1,0,1,2,16,1,1,64,0.1,0,1,0,0,N,,,,,,,
931,ratioNorm,1,1,0,1,2,16,1,1,64,0.1,1,0,0,0,N,,,,,,,
932,ratioNorm,1,1,0,1,2,16,1,1,64,0.1,1,1,0,0,N,,,,,,,
933,ratioNorm,1,1,0,1,2,16,1,1,64,0.2,0,0,0,0,N,,,,,,,
934,ratioNorm,1,1,0,1,2,16,1,1,64,0.2,0,1,0,0,N,,,,,,,
935,ratioNorm,1,1,0,1,2,16,1,1,64,0.2,1,0,0,0,N,,,,,,,
936,ratioNorm,1,1,0,1,2,16,1,1,64,0.2,1,1,0,0,N,,,,,,,
937,ratioNorm,1,1,0,1,2,16,1,2,16,0.1,0,0,0,0,N,,,,,,,
938,ratioNorm,1,1,0,1,2,16,1,2,16,0.1,0,1,0,0,N,,,,,,,
939,ratioNorm,1,1,0,1,2,16,1,2,16,0.1,1,0,0,0,N,,,,,,,
940,ratioNorm,1,1,0,1,2,16,1,2,16,0.1,1,1,0,0,N,,,,,,,
941,ratioNorm,1,1,0,1,2,16,1,2,16,0.2,0,0,0,0,N,,,,,,,
942,ratioNorm,1,1,0,1,2,16,1,2,16,0.2,0,1,0,0,N,,,,,,,
943,ratioNorm,1,1,0,1,2,16,1,2,16,0.2,1,0,0,0,N,,,,,,,
944,ratioNorm,1,1,0,1,2,16,1,2,16,0.2,1,1,0,0,N,,,,,,,
945,ratioNorm,1,1,0,1,2,16,1,2,32,0.1,0,0,0,0,N,,,,,,,
946,ratioNorm,1,1,0,1,2,16,1,2,32,0.1,0,1,0,0,N,,,,,,,
947,ratioNorm,1,1,0,1,2,16,1,2,32,0.1,1,0,0,0,N,,,,,,,
948,ratioNorm,1,1,0,1,2,16,1,2,32,0.1,1,1,0,0,N,,,,,,,
949,ratioNorm,1,1,0,1,2,16,1,2,32,0.2,0,0,0,0,N,,,,,,,
950,ratioNorm,1,1,0,1,2,16,1,2,32,0.2,0,1,0,0,N,,,,,,,
951,ratioNorm,1,1,0,1,2,16,1,2,32,0.2,1,0,0,0,N,,,,,,,
952,ratioNorm,1,1,0,1,2,16,1,2,32,0.2,1,1,0,0,N,,,,,,,
953,ratioNorm,1,1,0,1,2,16,1,2,64,0.1,0,0,0,0,N,,,,,,,
954,ratioNorm,1,1,0,1,2,16,1,2,64,0.1,0,1,0,0,N,,,,,,,
955,ratioNorm,1,1,0,1,2,16,1,2,64,0.1,1,0,0,0,N,,,,,,,
956,ratioNorm,1,1,0,1,2,16,1,2,64,0.1,1,1,0,0,N,,,,,,,
957,ratioNorm,1,1,0,1,2,16,1,2,64,0.2,0,0,0,0,N,,,,,,,
958,ratioNorm,1,1,0,1,2,16,1,2,64,0.2,0,1,0,0,N,,,,,,,
959,ratioNorm,1,1,0,1,2,16,1,2,64,0.2,1,0,0,0,N,,,,,,,
960,ratioNorm,1,1,0,1,2,16,1,2,64,0.2,1,1,0,0,N,,,,,,,
961,ratioNorm,1,1,0,1,2,32,0,1,16,0.1,0,0,0,0,N,,,,,,,
962,ratioNorm,1,1,0,1,2,32,0,1,16,0.1,0,1,0,0,N,,,,,,,
963,ratioNorm,1,1,0,1,2,32,0,1,16,0.1,1,0,0,0,N,,,,,,,
964,ratioNorm,1,1,0,1,2,32,0,1,16,0.1,1,1,0,0,N,,,,,,,
965,ratioNorm,1,1,0,1,2,32,0,1,16,0.2,0,0,0,0,N,,,,,,,
966,ratioNorm,1,1,0,1,2,32,0,1,16,0.2,0,1,0,0,N,,,,,,,
967,ratioNorm,1,1,0,1,2,32,0,1,16,0.2,1,0,0,0,N,,,,,,,
968,ratioNorm,1,1,0,1,2,32,0,1,16,0.2,1,1,0,0,N,,,,,,,
969,ratioNorm,1,1,0,1,2,32,0,1,32,0.1,0,0,0,0,N,,,,,,,
970,ratioNorm,1,1,0,1,2,32,0,1,32,0.1,0,1,0,0,N,,,,,,,
971,ratioNorm,1,1,0,1,2,32,0,1,32,0.1,1,0,0,0,N,,,,,,,
972,ratioNorm,1,1,0,1,2,32,0,1,32,0.1,1,1,0,0,N,,,,,,,
973,ratioNorm,1,1,0,1,2,32,0,1,32,0.2,0,0,0,0,N,,,,,,,
974,ratioNorm,1,1,0,1,2,32,0,1,32,0.2,0,1,0,0,N,,,,,,,
975,ratioNorm,1,1,0,1,2,32,0,1,32,0.2,1,0,0,0,N,,,,,,,
976,ratioNorm,1,1,0,1,2,32,0,1,32,0.2,1,1,0,0,N,,,,,,,
977,ratioNorm,1,1,0,1,2,32,0,1,64,0.1,0,0,0,0,N,,,,,,,
978,ratioNorm,1,1,0,1,2,32,0,1,64,0.1,0,1,0,0,N,,,,,,,
979,ratioNorm,1,1,0,1,2,32,0,1,64,0.1,1,0,0,0,N,,,,,,,
980,ratioNorm,1,1,0,1,2,32,0,1,64,0.1,1,1,0,0,N,,,,,,,
981,ratioNorm,1,1,0,1,2,32,0,1,64,0.2,0,0,0,0,N,,,,,,,
982,ratioNorm,1,1,0,1,2,32,0,1,64,0.2,0,1,0,0,N,,,,,,,
983,ratioNorm,1,1,0,1,2,32,0,1,64,0.2,1,0,0,0,N,,,,,,,
984,ratioNorm,1,1,0,1,2,32,0,1,64,0.2,1,1,0,0,N,,,,,,,
985,ratioNorm,1,1,0,1,2,32,0,2,16,0.1,0,0,0,0,N,,,,,,,
986,ratioNorm,1,1,0,1,2,32,0,2,16,0.1,0,1,0,0,N,,,,,,,
987,ratioNorm,1,1,0,1,2,32,0,2,16,0.1,1,0,0,0,N,,,,,,,
988,ratioNorm,1,1,0,1,2,32,0,2,16,0.1,1,1,0,0,N,,,,,,,
989,ratioNorm,1,1,0,1,2,32,0,2,16,0.2,0,0,0,0,N,,,,,,,
990,ratioNorm,1,1,0,1,2,32,0,2,16,0.2,0,1,0,0,N,,,,,,,
991,ratioNorm,1,1,0,1,2,32,0,2,16,0.2,1,0,0,0,N,,,,,,,
992,ratioNorm,1,1,0,1,2,32,0,2,16,0.2,1,1,0,0,N,,,,,,,
993,ratioNorm,1,1,0,1,2,32,0,2,32,0.1,0,0,0,0,N,,,,,,,
994,ratioNorm,1,1,0,1,2,32,0,2,32,0.1,0,1,0,0,N,,,,,,,
995,ratioNorm,1,1,0,1,2,32,0,2,32,0.1,1,0,0,0,N,,,,,,,
996,ratioNorm,1,1,0,1,2,32,0,2,32,0.1,1,1,0,0,N,,,,,,,
997,ratioNorm,1,1,0,1,2,32,0,2,32,0.2,0,0,0,0,N,,,,,,,
998,ratioNorm,1,1,0,1,2,32,0,2,32,0.2,0,1,0,0,N,,,,,,,
999,ratioNorm,1,1,0,1,2,32,0,2,32,0.2,1,0,0,0,N,,,,,,,
1000,ratioNorm,1,1,0,1,2,32,0,2,32,0.2,1,1,0,0,N,,,,,,,
1001,ratioNorm,1,1,0,1,2,32,0,2,64,0.1,0,0,0,0,N,,,,,,,
1002,ratioNorm,1,1,0,1,2,32,0,2,64,0.1,0,1,0,0,N,,,,,,,
1003,ratioNorm,1,1,0,1,2,32,0,2,64,0.1,1,0,0,0,N,,,,,,,
1004,ratioNorm,1,1,0,1,2,32,0,2,64,0.1,1,1,0,0,N,,,,,,,
1005,ratioNorm,1,1,0,1,2,32,0,2,64,0.2,0,0,0,0,N,,,,,,,
1006,ratioNorm,1,1,0,1,2,32,0,2,64,0.2,0,1,0,0,N,,,,,,,
1007,ratioNorm,1,1,0,1,2,32,0,2,64,0.2,1,0,0,0,N,,,,,,,
1008,ratioNorm,1,1,0,1,2,32,0,2,64,0.2,1,1,0,0,N,,,,,,,
1009,ratioNorm,1,1,0,1,2,32,1,1,16,0.1,0,0,0,0,N,,,,,,,
1010,ratioNorm,1,1,0,1,2,32,1,1,16,0.1,0,1,0,0,N,,,,,,,
1011,ratioNorm,1,1,0,1,2,32,1,1,16,0.1,1,0,0,0,N,,,,,,,
1012,ratioNorm,1,1,0,1,2,32,1,1,16,0.1,1,1,0,0,N,,,,,,,
1013,ratioNorm,1,1,0,1,2,32,1,1,16,0.2,0,0,0,0,N,,,,,,,
1014,ratioNorm,1,1,0,1,2,32,1,1,16,0.2,0,1,0,0,N,,,,,,,
1015,ratioNorm,1,1,0,1,2,32,1,1,16,0.2,1,0,0,0,N,,,,,,,
1016,ratioNorm,1,1,0,1,2,32,1,1,16,0.2,1,1,0,0,N,,,,,,,
1017,ratioNorm,1,1,0,1,2,32,1,1,32,0.1,0,0,0,0,N,,,,,,,
1018,ratioNorm,1,1,0,1,2,32,1,1,32,0.1,0,1,0,0,N,,,,,,,
1019,ratioNorm,1,1,0,1,2,32,1,1,32,0.1,1,0,0,0,N,,,,,,,
1020,ratioNorm,1,1,0,1,2,32,1,1,32,0.1,1,1,0,0,N,,,,,,,
1021,ratioNorm,1,1,0,1,2,32,1,1,32,0.2,0,0,0,0,N,,,,,,,
1022,ratioNorm,1,1,0,1,2,32,1,1,32,0.2,0,1,0,0,N,,,,,,,
1023,ratioNorm,1,1,0,1,2,32,1,1,32,0.2,1,0,0,0,N,,,,,,,
1024,ratioNorm,1,1,0,1,2,32,1,1,32,0.2,1,1,0,0,N,,,,,,,
1025,ratioNorm,1,1,0,1,2,32,1,1,64,0.1,0,0,0,0,N,,,,,,,
1026,ratioNorm,1,1,0,1,2,32,1,1,64,0.1,0,1,0,0,N,,,,,,,
1027,ratioNorm,1,1,0,1,2,32,1,1,64,0.1,1,0,0,0,N,,,,,,,
1028,ratioNorm,1,1,0,1,2,32,1,1,64,0.1,1,1,0,0,N,,,,,,,
1029,ratioNorm,1,1,0,1,2,32,1,1,64,0.2,0,0,0,0,N,,,,,,,
1030,ratioNorm,1,1,0,1,2,32,1,1,64,0.2,0,1,0,0,N,,,,,,,
1031,ratioNorm,1,1,0,1,2,32,1,1,64,0.2,1,0,0,0,N,,,,,,,
1032,ratioNorm,1,1,0,1,2,32,1,1,64,0.2,1,1,0,0,N,,,,,,,
1033,ratioNorm,1,1,0,1,2,32,1,2,16,0.1,0,0,0,0,N,,,,,,,
1034,ratioNorm,1,1,0,1,2,32,1,2,16,0.1,0,1,0,0,N,,,,,,,
1035,ratioNorm,1,1,0,1,2,32,1,2,16,0.1,1,0,0,0,N,,,,,,,
1036,ratioNorm,1,1,0,1,2,32,1,2,16,0.1,1,1,0,0,N,,,,,,,
1037,ratioNorm,1,1,0,1,2,32,1,2,16,0.2,0,0,0,0,N,,,,,,,
1038,ratioNorm,1,1,0,1,2,32,1,2,16,0.2,0,1,0,0,N,,,,,,,
1039,ratioNorm,1,1,0,1,2,32,1,2,16,0.2,1,0,0,0,N,,,,,,,
1040,ratioNorm,1,1,0,1,2,32,1,2,16,0.2,1,1,0,0,N,,,,,,,
1041,ratioNorm,1,1,0,1,2,32,1,2,32,0.1,0,0,0,0,N,,,,,,,
1042,ratioNorm,1,1,0,1,2,32,1,2,32,0.1,0,1,0,0,N,,,,,,,
1043,ratioNorm,1,1,0,1,2,32,1,2,32,0.1,1,0,0,0,N,,,,,,,
1044,ratioNorm,1,1,0,1,2,32,1,2,32,0.1,1,1,0,0,N,,,,,,,
1045,ratioNorm,1,1,0,1,2,32,1,2,32,0.2,0,0,0,0,N,,,,,,,
1046,ratioNorm,1,1,0,1,2,32,1,2,32,0.2,0,1,0,0,N,,,,,,,
1047,ratioNorm,1,1,0,1,2,32,1,2,32,0.2,1,0,0,0,N,,,,,,,
1048,ratioNorm,1,1,0,1,2,32,1,2,32,0.2,1,1,0,0,N,,,,,,,
1049,ratioNorm,1,1,0,1,2,32,1,2,64,0.1,0,0,0,0,N,,,,,,,
1050,ratioNorm,1,1,0,1,2,32,1,2,64,0.1,0,1,0,0,N,,,,,,,
1051,ratioNorm,1,1,0,1,2,32,1,2,64,0.1,1,0,0,0,N,,,,,,,
1052,ratioNorm,1,1,0,1,2,32,1,2,64,0.1,1,1,0,0,N,,,,,,,
1053,ratioNorm,1,1,0,1,2,32,1,2,64,0.2,0,0,0,0,N,,,,,,,
1054,ratioNorm,1,1,0,1,2,32,1,2,64,0.2,0,1,0,0,N,,,,,,,
1055,ratioNorm,1,1,0,1,2,32,1,2,64,0.2,1,0,0,0,N,,,,,,,
1056,ratioNorm,1,1,0,1,2,32,1,2,64,0.2,1,1,0,0,N,,,,,,,
1057,ratioNorm,1,1,0,1,2,64,0,1,16,0.1,0,0,0,0,N,,,,,,,
1058,ratioNorm,1,1,0,1,2,64,0,1,16,0.1,0,1,0,0,N,,,,,,,
1059,ratioNorm,1,1,0,1,2,64,0,1,16,0.1,1,0,0,0,N,,,,,,,
1060,ratioNorm,1,1,0,1,2,64,0,1,16,0.1,1,1,0,0,N,,,,,,,
1061,ratioNorm,1,1,0,1,2,64,0,1,16,0.2,0,0,0,0,N,,,,,,,
1062,ratioNorm,1,1,0,1,2,64,0,1,16,0.2,0,1,0,0,N,,,,,,,
1063,ratioNorm,1,1,0,1,2,64,0,1,16,0.2,1,0,0,0,N,,,,,,,
1064,ratioNorm,1,1,0,1,2,64,0,1,16,0.2,1,1,0,0,N,,,,,,,
1065,ratioNorm,1,1,0,1,2,64,0,1,32,0.1,0,0,0,0,N,,,,,,,
1066,ratioNorm,1,1,0,1,2,64,0,1,32,0.1,0,1,0,0,N,,,,,,,
1067,ratioNorm,1,1,0,1,2,64,0,1,32,0.1,1,0,0,0,N,,,,,,,
1068,ratioNorm,1,1,0,1,2,64,0,1,32,0.1,1,1,0,0,N,,,,,,,
1069,ratioNorm,1,1,0,1,2,64,0,1,32,0.2,0,0,0,0,N,,,,,,,
1070,ratioNorm,1,1,0,1,2,64,0,1,32,0.2,0,1,0,0,N,,,,,,,
1071,ratioNorm,1,1,0,1,2,64,0,1,32,0.2,1,0,0,0,N,,,,,,,
1072,ratioNorm,1,1,0,1,2,64,0,1,32,0.2,1,1,0,0,N,,,,,,,
1073,ratioNorm,1,1,0,1,2,64,0,1,64,0.1,0,0,0,0,N,,,,,,,
1074,ratioNorm,1,1,0,1,2,64,0,1,64,0.1,0,1,0,0,N,,,,,,,
1075,ratioNorm,1,1,0,1,2,64,0,1,64,0.1,1,0,0,0,N,,,,,,,
1076,ratioNorm,1,1,0,1,2,64,0,1,64,0.1,1,1,0,0,N,,,,,,,
1077,ratioNorm,1,1,0,1,2,64,0,1,64,0.2,0,0,0,0,N,,,,,,,
1078,ratioNorm,1,1,0,1,2,64,0,1,64,0.2,0,1,0,0,N,,,,,,,
1079,ratioNorm,1,1,0,1,2,64,0,1,64,0.2,1,0,0,0,N,,,,,,,
1080,ratioNorm,1,1,0,1,2,64,0,1,64,0.2,1,1,0,0,N,,,,,,,
1081,ratioNorm,1,1,0,1,2,64,0,2,16,0.1,0,0,0,0,N,,,,,,,
1082,ratioNorm,1,1,0,1,2,64,0,2,16,0.1,0,1,0,0,N,,,,,,,
1083,ratioNorm,1,1,0,1,2,64,0,2,16,0.1,1,0,0,0,N,,,,,,,
1084,ratioNorm,1,1,0,1,2,64,0,2,16,0.1,1,1,0,0,N,,,,,,,
1085,ratioNorm,1,1,0,1,2,64,0,2,16,0.2,0,0,0,0,N,,,,,,,
1086,ratioNorm,1,1,0,1,2,64,0,2,16,0.2,0,1,0,0,N,,,,,,,
1087,ratioNorm,1,1,0,1,2,64,0,2,16,0.2,1,0,0,0,N,,,,,,,
1088,ratioNorm,1,1,0,1,2,64,0,2,16,0.2,1,1,0,0,N,,,,,,,
1089,ratioNorm,1,1,0,1,2,64,0,2,32,0.1,0,0,0,0,N,,,,,,,
1090,ratioNorm,1,1,0,1,2,64,0,2,32,0.1,0,1,0,0,N,,,,,,,
1091,ratioNorm,1,1,0,1,2,64,0,2,32,0.1,1,0,0,0,N,,,,,,,
1092,ratioNorm,1,1,0,1,2,64,0,2,32,0.1,1,1,0,0,N,,,,,,,
1093,ratioNorm,1,1,0,1,2,64,0,2,32,0.2,0,0,0,0,N,,,,,,,
1094,ratioNorm,1,1,0,1,2,64,0,2,32,0.2,0,1,0,0,N,,,,,,,
1095,ratioNorm,1,1,0,1,2,64,0,2,32,0.2,1,0,0,0,N,,,,,,,
1096,ratioNorm,1,1,0,1,2,64,0,2,32,0.2,1,1,0,0,N,,,,,,,
1097,ratioNorm,1,1,0,1,2,64,0,2,64,0.1,0,0,0,0,N,,,,,,,
1098,ratioNorm,1,1,0,1,2,64,0,2,64,0.1,0,1,0,0,N,,,,,,,
1099,ratioNorm,1,1,0,1,2,64,0,2,64,0.1,1,0,0,0,N,,,,,,,
1100,ratioNorm,1,1,0,1,2,64,0,2,64,0.1,1,1,0,0,N,,,,,,,
1101,ratioNorm,1,1,0,1,2,64,0,2,64,0.2,0,0,0,0,N,,,,,,,
1102,ratioNorm,1,1,0,1,2,64,0,2,64,0.2,0,1,0,0,N,,,,,,,
1103,ratioNorm,1,1,0,1,2,64,0,2,64,0.2,1,0,0,0,N,,,,,,,
1104,ratioNorm,1,1,0,1,2,64,0,2,64,0.2,1,1,0,0,N,,,,,,,
1105,ratioNorm,1,1,0,1,2,64,1,1,16,0.1,0,0,0,0,N,,,,,,,
1106,ratioNorm,1,1,0,1,2,64,1,1,16,0.1,0,1,0,0,N,,,,,,,
1107,ratioNorm,1,1,0,1,2,64,1,1,16,0.1,1,0,0,0,N,,,,,,,
1108,ratioNorm,1,1,0,1,2,64,1,1,16,0.1,1,1,0,0,N,,,,,,,
1109,ratioNorm,1,1,0,1,2,64,1,1,16,0.2,0,0,0,0,N,,,,,,,
1110,ratioNorm,1,1,0,1,2,64,1,1,16,0.2,0,1,0,0,N,,,,,,,
1111,ratioNorm,1,1,0,1,2,64,1,1,16,0.2,1,0,0,0,N,,,,,,,
1112,ratioNorm,1,1,0,1,2,64,1,1,16,0.2,1,1,0,0,N,,,,,,,
1113,ratioNorm,1,1,0,1,2,64,1,1,32,0.1,0,0,0,0,N,,,,,,,
1114,ratioNorm,1,1,0,1,2,64,1,1,32,0.1,0,1,0,0,N,,,,,,,
1115,ratioNorm,1,1,0,1,2,64,1,1,32,0.1,1,0,0,0,N,,,,,,,
1116,ratioNorm,1,1,0,1,2,64,1,1,32,0.1,1,1,0,0,N,,,,,,,
1117,ratioNorm,1,1,0,1,2,64,1,1,32,0.2,0,0,0,0,N,,,,,,,
1118,ratioNorm,1,1,0,1,2,64,1,1,32,0.2,0,1,0,0,N,,,,,,,
1119,ratioNorm,1,1,0,1,2,64,1,1,32,0.2,1,0,0,0,N,,,,,,,
1120,ratioNorm,1,1,0,1,2,64,1,1,32,0.2,1,1,0,0,N,,,,,,,
1121,ratioNorm,1,1,0,1,2,64,1,1,64,0.1,0,0,0,0,N,,,,,,,
1122,ratioNorm,1,1,0,1,2,64,1,1,64,0.1,0,1,0,0,N,,,,,,,
1123,ratioNorm,1,1,0,1,2,64,1,1,64,0.1,1,0,0,0,N,,,,,,,
1124,ratioNorm,1,1,0,1,2,64,1,1,64,0.1,1,1,0,0,N,,,,,,,
1125,ratioNorm,1,1,0,1,2,64,1,1,64,0.2,0,0,0,0,N,,,,,,,
1126,ratioNorm,1,1,0,1,2,64,1,1,64,0.2,0,1,0,0,N,,,,,,,
1127,ratioNorm,1,1,0,1,2,64,1,1,64,0.2,1,0,0,0,N,,,,,,,
1128,ratioNorm,1,1,0,1,2,64,1,1,64,0.2,1,1,0,0,N,,,,,,,
1129,ratioNorm,1,1,0,1,2,64,1,2,16,0.1,0,0,0,0,N,,,,,,,
1130,ratioNorm,1,1,0,1,2,64,1,2,16,0.1,0,1,0,0,N,,,,,,,
1131,ratioNorm,1,1,0,1,2,64,1,2,16,0.1,1,0,0,0,N,,,,,,,
1132,ratioNorm,1,1,0,1,2,64,1,2,16,0.1,1,1,0,0,N,,,,,,,
1133,ratioNorm,1,1,0,1,2,64,1,2,16,0.2,0,0,0,0,N,,,,,,,
1134,ratioNorm,1,1,0,1,2,64,1,2,16,0.2,0,1,0,0,N,,,,,,,
1135,ratioNorm,1,1,0,1,2,64,1,2,16,0.2,1,0,0,0,N,,,,,,,
1136,ratioNorm,1,1,0,1,2,64,1,2,16,0.2,1,1,0,0,N,,,,,,,
1137,ratioNorm,1,1,0,1,2,64,1,2,32,0.1,0,0,0,0,N,,,,,,,
1138,ratioNorm,1,1,0,1,2,64,1,2,32,0.1,0,1,0,0,N,,,,,,,
1139,ratioNorm,1,1,0,1,2,64,1,2,32,0.1,1,0,0,0,N,,,,,,,
1140,ratioNorm,1,1,0,1,2,64,1,2,32,0.1,1,1,0,0,N,,,,,,,
1141,ratioNorm,1,1,0,1,2,64,1,2,32,0.2,0,0,0,0,N,,,,,,,
1142,ratioNorm,1,1,0,1,2,64,1,2,32,0.2,0,1,0,0,N,,,,,,,
1143,ratioNorm,1,1,0,1,2,64,1,2,32,0.2,1,0,0,0,N,,,,,,,
1144,ratioNorm,1,1,0,1,2,64,1,2,32,0.2,1,1,0,0,N,,,,,,,
1145,ratioNorm,1,1,0,1,2,64,1,2,64,0.1,0,0,0,0,N,,,,,,,
1146,ratioNorm,1,1,0,1,2,64,1,2,64,0.1,0,1,0,0,N,,,,,,,
1147,ratioNorm,1,1,0,1,2,64,1,2,64,0.1,1,0,0,0,N,,,,,,,
1148,ratioNorm,1,1,0,1,2,64,1,2,64,0.1,1,1,0,0,N,,,,,,,
1149,ratioNorm,1,1,0,1,2,64,1,2,64,0.2,0,0,0,0,N,,,,,,,
1150,ratioNorm,1,1,0,1,2,64,1,2,64,0.2,0,1,0,0,N,,,,,,,
1151,ratioNorm,1,1,0,1,2,64,1,2,64,0.2,1,0,0,0,N,,,,,,,
1152,ratioNorm,1,1,0,1,2,64,1,2,64,0.2,1,1,0,0,N,,,,,,,
