name,inputData,displacement,replaceNan,removeMean,FFT,#RNN,sizeRNN,bidirectional,#FC,numFC,Dropout,Custom_loss,xyDisplacement,Accuracy,N4_Acc,Q4_Acc,T4_Acc,Q4H7_Acc,Custom_Acc,Testing_Metric
1,ratio,0,0,0,0,2,32,1,2,64,0.2,0,0,0.459,0.6847,0.3031,0.0893,0.6516,0.3255,3.083
2,ratioNorm,0,0,0,0,2,32,1,2,64,0.2,0,0,0.5245,0.6538,0.5447,0.1808,0.5612,0.4134,3.0472
3,indiv,0,0,0,0,2,32,1,2,64,0.2,0,0,0.4995,0.5981,0.4963,0.1721,0.6476,0.4071,2.8345
4,ratio,1,0,0,0,2,32,1,2,64,0.2,0,0,0.5574,0.6842,0.5453,0.3453,0.5093,0.472,3.2092
5,ratioNorm,1,0,0,0,2,32,1,2,64,0.2,0,0,0.5583,0.6893,0.5435,0.207,0.6755,0.4499,3.1245
6,indiv,1,0,0,0,2,32,1,2,64,0.2,0,0,0.5563,0.7152,0.5087,0.2712,0.5891,0.4504,3.0889
7,ratio,0,1,0,0,2,32,1,2,64,0.2,0,0,0.5039,0.6878,0.4534,0.2081,0.4907,0.3862,3.0607
8,ratioNorm,0,1,0,0,2,32,1,2,64,0.2,0,0,0.5193,0.7552,0.4068,0.219,0.508,0.3867,3.2305
9,indiv,0,1,0,0,2,32,1,2,64,0.2,0,0,0.5267,0.6989,0.4578,0.2309,0.5838,0.4164,2.9959
10,ratio,1,1,0,0,2,32,1,2,64,0.2,0,0,0.5532,0.7152,0.5087,0.317,0.512,0.4533,3.2612
11,ratioNorm,1,1,0,0,2,32,1,2,64,0.2,0,0,0.5679,0.7217,0.523,0.3551,0.5199,0.4751,3.2697
12,indiv,1,1,0,0,2,32,1,2,64,0.2,0,0,0.5498,0.6959,0.5075,0.2636,0.6064,0.4485,3.1389
13,ratio,0,0,1,0,2,32,1,2,64,0.2,0,0,0.4274,0.59,0.3745,0.1438,0.4601,0.3209,3.5313
14,ratioNorm,0,0,1,0,2,32,1,2,64,0.2,0,0,0.4424,0.5748,0.3441,0.2876,0.4947,0.3747,3.4606
15,indiv,0,0,1,0,2,32,1,2,64,0.2,0,0,0.4837,0.627,0.4441,0.2244,0.5093,0.3875,3.173
16,ratio,1,0,1,0,2,32,1,2,64,0.2,0,0,0.4963,0.6523,0.4205,0.2908,0.5,0.4077,3.8311
17,ratioNorm,1,0,1,0,2,32,1,2,64,0.2,0,0,0.5233,0.629,0.459,0.3584,0.5851,0.461,3.4923
18,indiv,1,0,1,0,2,32,1,2,64,0.2,0,0,0.4984,0.6123,0.4913,0.1852,0.5971,0.4021,3.0708
19,ratio,0,1,1,0,2,32,1,2,64,0.2,0,0,0.4489,0.6254,0.3186,0.22,0.5439,0.3549,3.4499
20,ratioNorm,0,1,1,0,2,32,1,2,64,0.2,0,0,0.4502,0.5656,0.4019,0.1645,0.5997,0.3629,3.3834
21,indiv,0,1,1,0,2,32,1,2,64,0.2,0,0,0.4854,0.6635,0.4335,0.1656,0.5199,0.3666,3.0569
22,ratio,1,1,1,0,2,32,1,2,64,0.2,0,0,0.514,0.664,0.4329,0.4139,0.4162,0.4451,3.6913
23,ratioNorm,1,1,1,0,2,32,1,2,64,0.2,0,0,0.5227,0.6559,0.4988,0.2549,0.5519,0.4275,3.6066
24,indiv,1,1,1,0,2,32,1,2,64,0.2,0,0,0.4963,0.6194,0.5106,0.1732,0.5372,0.3918,3.0566
25,ratio,0,0,0,1,2,32,1,2,64,0.2,0,0,0.4946,0.6655,0.4689,0.0632,0.6277,0.358,3.0429
26,ratioNorm,0,0,0,1,2,32,1,2,64,0.2,0,0,0.5081,0.6675,0.4211,0.2625,0.5758,0.4133,2.9691
27,indiv,0,0,0,1,2,32,1,2,64,0.2,0,0,0.4801,0.707,0.3522,0.1721,0.5346,0.3521,3.041
28,ratio,1,0,0,1,2,32,1,2,64,0.2,0,0,0.5475,0.6518,0.5745,0.2734,0.5505,0.457,3.2039
29,ratioNorm,1,0,0,1,2,32,1,2,64,0.2,0,0,0.5642,0.7233,0.5137,0.2919,0.5878,0.4608,3.3659
30,indiv,1,0,0,1,2,32,1,2,64,0.2,0,0,0.4654,0.6199,0.3857,0.1481,0.6184,0.3606,2.9549
31,ratio,0,1,0,1,2,32,1,2,64,0.2,0,0,0.5009,0.6802,0.4292,0.158,0.6024,0.3804,3.1487
32,ratioNorm,0,1,0,1,2,32,1,2,64,0.2,0,0,0.5123,0.7572,0.4093,0.0784,0.6197,0.3538,3.3152
33,indiv,0,1,0,1,2,32,1,2,64,0.2,0,0,0.4717,0.6635,0.3795,0.1863,0.5146,0.3576,2.956
34,ratio,1,1,0,1,2,32,1,2,64,0.2,0,0,0.5443,0.777,0.4547,0.195,0.5519,0.4025,3.4829
35,ratioNorm,1,1,0,1,2,32,1,2,64,0.2,0,0,0.5734,0.6604,0.6006,0.341,0.5705,0.4967,3.0761
36,indiv,1,1,0,1,2,32,1,2,64,0.2,0,0,0.4826,0.6711,0.4031,0.1906,0.5146,0.3672,3.0404
37,ratio,0,0,1,1,2,32,1,2,64,0.2,0,0,0.434,0.6143,0.3509,0.1307,0.5093,0.3209,3.8057
38,ratioNorm,0,0,1,1,2,32,1,2,64,0.2,0,0,0.4512,0.5798,0.4068,0.2331,0.4747,0.3682,3.5328
39,indiv,0,0,1,1,2,32,1,2,64,0.2,0,0,0.4506,0.6432,0.4217,0.1253,0.4043,0.3218,3.3104
40,ratio,1,0,1,1,2,32,1,2,64,0.2,0,0,0.5127,0.627,0.4665,0.378,0.4761,0.449,3.8355
41,ratioNorm,1,0,1,1,2,32,1,2,64,0.2,0,0,0.5241,0.6812,0.5137,0.1699,0.5665,0.4035,3.7457
42,indiv,1,0,1,1,2,32,1,2,64,0.2,0,0,0.4681,0.664,0.3609,0.2113,0.4973,0.3587,3.2726
43,ratio,0,1,1,1,2,32,1,2,64,0.2,0,0,0.4563,0.6406,0.3478,0.2168,0.4973,0.3546,3.5477
44,ratioNorm,0,1,1,1,2,32,1,2,64,0.2,0,0,0.4506,0.555,0.3894,0.244,0.5598,0.3819,3.3392
45,indiv,0,1,1,1,2,32,1,2,64,0.2,0,0,0.4571,0.6594,0.2969,0.2898,0.4734,0.3656,3.1089
46,ratio,1,1,1,1,2,32,1,2,64,0.2,0,0,0.5153,0.6508,0.4516,0.28,0.5838,0.4293,3.7132
47,ratioNorm,1,1,1,1,2,32,1,2,64,0.2,0,0,0.5106,0.5991,0.5342,0.2353,0.5638,0.427,3.5373
48,indiv,1,1,1,1,2,32,1,2,64,0.2,0,0,0.47,0.6265,0.4211,0.1264,0.5838,0.3563,3.0885
49,ratio,1,1,0,0,1,16,0,1,64,0.2,0,0,0.5458,0.6548,0.5441,0.3279,0.5293,0.4657,3.1808
50,ratioNorm,1,1,0,0,1,16,0,1,64,0.2,0,0,0.562,0.6847,0.5286,0.3235,0.6024,0.4769,3.2249
51,indiv,1,1,0,0,1,16,0,1,64,0.2,0,0,0.4995,0.5945,0.4851,0.2538,0.5811,0.4227,2.9924
52,ratioNorm,1,1,0,1,1,16,0,1,64,0.2,0,0,0.5574,0.707,0.4994,0.3519,0.5399,0.4692,3.3014
53,ratio,1,1,0,0,2,16,0,1,64,0.2,0,0,0.5424,0.6792,0.446,0.366,0.6051,0.4691,3.2564
54,ratioNorm,1,1,0,0,2,16,0,1,64,0.2,0,0,0.5682,0.6837,0.5789,0.2549,0.625,0.469,3.1377
55,indiv,1,1,0,0,2,16,0,1,64,0.2,0,0,0.506,0.6842,0.3516,0.3497,0.5598,0.4257,2.8992
56,ratioNorm,1,1,0,1,2,16,0,1,64,0.2,0,0,0.5667,0.7268,0.5168,0.2712,0.6144,0.4591,3.2134
57,ratio,1,1,0,0,3,16,0,1,64,0.2,0,0,0.5454,0.6994,0.4602,0.3039,0.6184,0.4533,3.2557
58,ratioNorm,1,1,0,0,3,16,0,1,64,0.2,0,0,0.5627,0.7268,0.5006,0.3148,0.5678,0.4624,3.2467
59,indiv,1,1,0,0,3,16,0,1,64,0.2,0,0,0.5502,0.7045,0.4534,0.3388,0.6104,0.4641,3.1319
60,ratioNorm,1,1,0,1,3,16,0,1,64,0.2,0,0,0.5528,0.7106,0.4714,0.305,0.6157,0.4576,3.1904
61,ratio,1,1,0,0,1,32,0,1,64,0.2,0,0,0.5486,0.7111,0.4534,0.3573,0.5598,0.462,3.2544
62,ratioNorm,1,1,0,0,1,32,0,1,64,0.2,0,0,0.5656,0.7258,0.4708,0.3181,0.6503,0.4711,3.282
63,indiv,1,1,0,0,1,32,0,1,64,0.2,0,0,0.5073,0.6351,0.4826,0.2865,0.4947,0.4218,3.0471
64,ratioNorm,1,1,0,1,1,32,0,1,64,0.2,0,0,0.5711,0.7415,0.5062,0.3224,0.5665,0.4683,3.3417
65,ratio,1,1,0,0,2,32,0,1,64,0.2,0,0,0.561,0.7263,0.4876,0.3312,0.5652,0.4644,3.2411
66,ratioNorm,1,1,0,0,2,32,0,1,64,0.2,0,0,0.5648,0.6832,0.5447,0.3453,0.5652,0.4829,3.1459
67,indiv,1,1,0,0,2,32,0,1,64,0.2,0,0,0.5662,0.7233,0.4801,0.3431,0.6104,0.4757,3.1319
68,ratioNorm,1,1,0,1,2,32,0,1,64,0.2,0,0,0.5675,0.738,0.4783,0.3529,0.5731,0.4731,3.254
69,ratio,1,1,0,0,3,32,0,1,64,0.2,0,0,0.5604,0.7076,0.5211,0.2723,0.6104,0.4581,3.1981
70,ratioNorm,1,1,0,0,3,32,0,1,64,0.2,0,0,0.5599,0.6655,0.5429,0.3322,0.5971,0.4817,3.1212
71,indiv,1,1,0,0,3,32,0,1,64,0.2,0,0,0.5519,0.7481,0.4311,0.3508,0.5412,0.4527,3.1258
72,ratioNorm,1,1,0,1,3,32,0,1,64,0.2,0,0,0.5574,0.6853,0.5342,0.3333,0.5452,0.4711,3.1035
73,ratio,1,1,0,0,1,64,0,1,64,0.2,0,0,0.5564,0.741,0.4857,0.3105,0.5239,0.4488,3.3342
74,ratioNorm,1,1,0,0,1,64,0,1,64,0.2,0,0,0.5604,0.6888,0.5155,0.2974,0.641,0.4707,3.1912
75,indiv,1,1,0,0,1,64,0,1,64,0.2,0,0,0.5523,0.7172,0.472,0.342,0.5479,0.4597,3.0634
76,ratioNorm,1,1,0,1,1,64,0,1,64,0.2,0,0,0.569,0.6893,0.6012,0.2832,0.5332,0.4692,3.1946
77,ratio,1,1,0,0,2,64,0,1,64,0.2,0,0,0.5561,0.6913,0.5484,0.2985,0.5319,0.4594,3.2073
78,ratioNorm,1,1,0,0,2,64,0,1,64,0.2,0,0,0.5707,0.7395,0.5068,0.3464,0.5386,0.4723,3.3609
79,indiv,1,1,0,0,2,64,0,1,64,0.2,0,0,0.5526,0.6908,0.5093,0.2505,0.6516,0.4524,3.1179
80,ratioNorm,1,1,0,1,2,64,0,1,64,0.2,0,0,0.5662,0.743,0.4702,0.3627,0.5559,0.4716,3.2884
81,ratio,1,1,0,0,3,64,0,1,64,0.2,0,0,0.558,0.6817,0.528,0.3039,0.6077,0.4697,3.292
82,ratioNorm,1,1,0,0,3,64,0,1,64,0.2,0,0,0.5682,0.6873,0.5553,0.244,0.6795,0.4688,3.149
83,indiv,1,1,0,0,3,64,0,1,64,0.2,0,0,0.5427,0.6766,0.5224,0.3235,0.5027,0.4543,3.1049
84,ratioNorm,1,1,0,1,3,64,0,1,64,0.2,0,0,0.5732,0.7821,0.4932,0.2331,0.6117,0.4417,3.4561
85,ratio,1,1,0,0,1,16,1,1,64,0.2,0,0,0.55,0.7055,0.482,0.3617,0.5173,0.4633,3.2866
86,ratioNorm,1,1,0,0,1,16,1,1,64,0.2,0,0,0.5612,0.6934,0.5093,0.3595,0.5718,0.4803,3.2077
87,indiv,1,1,0,0,1,16,1,1,64,0.2,0,0,0.5347,0.6984,0.4758,0.2908,0.5293,0.4348,3.0457
88,ratioNorm,1,1,0,1,1,16,1,1,64,0.2,0,0,0.5549,0.6756,0.559,0.2658,0.5824,0.4581,3.2036
89,ratio,1,1,0,0,2,16,1,1,64,0.2,0,0,0.5618,0.6817,0.5497,0.3181,0.5705,0.4744,3.2015
90,ratioNorm,1,1,0,0,2,16,1,1,64,0.2,0,0,0.5665,0.7076,0.5242,0.3453,0.5572,0.4776,3.247
91,indiv,1,1,0,0,2,16,1,1,64,0.2,0,0,0.5188,0.666,0.4435,0.3235,0.5319,0.4354,3.03
92,ratioNorm,1,1,0,1,2,16,1,1,64,0.2,0,0,0.5662,0.7324,0.4988,0.3508,0.5372,0.4706,3.2952
93,ratio,1,1,0,0,3,16,1,1,64,0.2,0,0,0.554,0.6913,0.4957,0.3148,0.6104,0.4658,3.2721
94,ratioNorm,1,1,0,0,3,16,1,1,64,0.2,0,0,0.5629,0.7217,0.5012,0.2887,0.613,0.4606,3.1724
95,indiv,1,1,0,0,3,16,1,1,64,0.2,0,0,0.5405,0.7405,0.4224,0.2407,0.6343,0.4239,3.1645
96,ratioNorm,1,1,0,1,3,16,1,1,64,0.2,0,0,0.5757,0.7613,0.5143,0.2723,0.5904,0.4574,3.2664
97,ratio,1,1,0,0,1,32,1,1,64,0.2,0,0,0.5564,0.6685,0.546,0.3431,0.5452,0.4769,3.2038
98,ratioNorm,1,1,0,0,1,32,1,1,64,0.2,0,0,0.578,0.6979,0.5783,0.3083,0.5918,0.4849,3.1414
99,indiv,1,1,0,0,1,32,1,1,64,0.2,0,0,0.5376,0.6559,0.4969,0.3224,0.5771,0.4591,3.0874
100,ratioNorm,1,1,0,1,1,32,1,1,64,0.2,0,0,0.5631,0.7258,0.5006,0.3878,0.484,0.4747,3.2943
101,ratio,1,1,0,0,2,32,1,1,64,0.2,0,0,0.5467,0.7152,0.4963,0.2832,0.5346,0.4406,3.291
102,ratioNorm,1,1,0,0,2,32,1,1,64,0.2,0,0,0.5684,0.666,0.595,0.3083,0.5731,0.483,3.1589
103,indiv,1,1,0,0,2,32,1,1,64,0.2,0,0,0.5511,0.6776,0.5087,0.3355,0.5731,0.4692,3.1561
104,ratioNorm,1,1,0,1,2,32,1,1,64,0.2,0,0,0.5682,0.6964,0.5379,0.3333,0.5838,0.4811,3.168
105,ratio,1,1,0,0,3,32,1,1,64,0.2,0,0,0.5629,0.7405,0.4851,0.317,0.5638,0.4591,3.273
106,ratioNorm,1,1,0,0,3,32,1,1,64,0.2,0,0,0.5646,0.6893,0.5199,0.3192,0.633,0.4792,3.0697
107,indiv,1,1,0,0,3,32,1,1,64,0.2,0,0,0.5515,0.6944,0.5217,0.2593,0.5971,0.4491,3.057
108,ratioNorm,1,1,0,1,3,32,1,1,64,0.2,0,0,0.5747,0.6776,0.5901,0.3148,0.5891,0.4885,3.1354
109,ratio,1,1,0,0,1,64,1,1,64,0.2,0,0,0.5513,0.6863,0.541,0.2298,0.6117,0.4452,3.2001
110,ratioNorm,1,1,0,0,1,64,1,1,64,0.2,0,0,0.5719,0.743,0.5075,0.2603,0.641,0.4589,3.3044
111,indiv,1,1,0,0,1,64,1,1,64,0.2,0,0,0.5606,0.6716,0.5453,0.3922,0.508,0.4892,3.0445
112,ratioNorm,1,1,0,1,1,64,1,1,64,0.2,0,0,0.5719,0.7223,0.5702,0.2778,0.5399,0.4624,3.3317
113,ratio,1,1,0,0,2,64,1,1,64,0.2,0,0,0.5593,0.6908,0.5453,0.3638,0.4827,0.4748,3.2459
114,ratioNorm,1,1,0,0,2,64,1,1,64,0.2,0,0,0.5679,0.7359,0.5342,0.3148,0.508,0.4614,3.3502
115,indiv,1,1,0,0,2,64,1,1,64,0.2,0,0,0.5698,0.7481,0.4932,0.2625,0.641,0.456,3.1377
116,ratioNorm,1,1,0,1,2,64,1,1,64,0.2,0,0,0.5648,0.7679,0.4528,0.3617,0.5199,0.4613,3.4077
117,ratio,1,1,0,0,3,64,1,1,64,0.2,0,0,0.5559,0.7152,0.5273,0.2375,0.5878,0.4423,3.2805
118,ratioNorm,1,1,0,0,3,64,1,1,64,0.2,0,0,0.5681,0.7446,0.446,0.3028,0.6902,0.4674,3.275
119,indiv,1,1,0,0,3,64,1,1,64,0.2,0,0,0.5504,0.7025,0.4925,0.3475,0.5226,0.4615,3.0899
120,ratioNorm,1,1,0,1,3,64,1,1,64,0.2,0,0,0.5747,0.703,0.5944,0.2876,0.5465,0.473,3.188
121,ratioNorm,1,1,0,1,2,16,1,1,32,0.2,0,0,0.5715,0.7162,0.5224,0.3333,0.5878,0.4792,3.2187
122,ratioNorm,1,1,0,1,3,16,1,1,32,0.2,0,0,0.5601,0.7126,0.5168,0.3584,0.4987,0.4694,3.2014
123,ratioNorm,1,1,0,1,4,16,1,1,32,0.2,0,0,0.5734,0.7587,0.4739,0.329,0.5984,0.4693,3.2494
124,ratioNorm,1,1,0,1,2,32,1,1,32,0.2,0,0,0.5747,0.7248,0.5099,0.3072,0.6463,0.4776,3.2253
125,ratioNorm,1,1,0,1,3,32,1,1,32,0.2,0,0,0.5656,0.7405,0.4708,0.281,0.6569,0.4591,3.3037
126,ratioNorm,1,1,0,1,4,32,1,1,32,0.2,0,0,0.5724,0.7167,0.5571,0.256,0.613,0.4638,3.2489
127,ratioNorm,1,1,0,1,2,16,1,2,32,0.2,0,0,0.5724,0.7081,0.5627,0.3312,0.5319,0.4785,3.209
128,ratioNorm,1,1,0,1,3,16,1,2,32,0.2,0,0,0.5694,0.7192,0.5031,0.3399,0.5984,0.4785,3.2397
129,ratioNorm,1,1,0,1,4,16,1,2,32,0.2,0,0,0.5717,0.7111,0.5491,0.2821,0.6077,0.4702,3.1943
130,ratioNorm,1,1,0,1,2,32,1,2,32,0.2,0,0,0.5759,0.7643,0.5186,0.3497,0.4801,0.4679,3.4297
131,ratioNorm,1,1,0,1,3,32,1,2,32,0.2,0,0,0.5753,0.7364,0.5391,0.3061,0.5585,0.4695,3.2894
132,ratioNorm,1,1,0,1,4,32,1,2,32,0.2,0,0,0.573,0.7516,0.4938,0.2952,0.613,0.464,3.3363
133,ratioNorm,1,1,0,1,2,16,1,3,32,0.2,0,0,0.5702,0.707,0.5261,0.3791,0.5386,0.4879,3.2117
134,ratioNorm,1,1,0,1,3,16,1,3,32,0.2,0,0,0.5639,0.7086,0.5323,0.2102,0.6835,0.4513,3.2007
135,ratioNorm,1,1,0,1,4,16,1,3,32,0.2,0,0,0.5694,0.6868,0.5733,0.3192,0.5585,0.48,3.1097
136,ratioNorm,1,1,0,1,2,32,1,3,32,0.2,0,0,0.5656,0.7334,0.5037,0.3268,0.5492,0.465,3.4154
137,ratioNorm,1,1,0,1,3,32,1,3,32,0.2,0,0,0.5711,0.6989,0.6081,0.256,0.5412,0.463,3.2048
138,ratioNorm,1,1,0,1,4,32,1,3,32,0.2,0,0,0.5724,0.7481,0.5398,0.3965,0.3963,0.4746,3.3292
139,ratioNorm,1,1,0,1,2,16,1,1,64,0.2,0,0,0.5646,0.7451,0.4447,0.3366,0.6263,0.4678,3.3078
140,ratioNorm,1,1,0,1,3,16,1,1,64,0.2,0,0,0.5614,0.7304,0.4578,0.3573,0.5891,0.4711,3.2537
141,ratioNorm,1,1,0,1,4,16,1,1,64,0.2,0,0,0.5774,0.7299,0.5168,0.3203,0.621,0.4803,3.2352
142,ratioNorm,1,1,0,1,2,32,1,1,64,0.2,0,0,0.5639,0.7557,0.459,0.2985,0.609,0.4545,3.3161
143,ratioNorm,1,1,0,1,3,32,1,1,64,0.2,0,0,0.5612,0.6837,0.5677,0.3322,0.5053,0.4726,3.205
144,ratioNorm,1,1,0,1,4,32,1,1,64,0.2,0,0,0.5694,0.701,0.5484,0.2549,0.6529,0.4672,3.1876
145,ratioNorm,1,1,0,1,2,16,1,2,64,0.2,0,0,0.5513,0.7005,0.5211,0.2745,0.5625,0.4487,3.2327
146,ratioNorm,1,1,0,1,3,16,1,2,64,0.2,0,0,0.5694,0.7212,0.5441,0.2876,0.5691,0.4642,3.3216
147,ratioNorm,1,1,0,1,4,16,1,2,64,0.2,0,0,0.5692,0.7212,0.536,0.3105,0.5572,0.4686,3.2281
148,ratioNorm,1,1,0,1,2,32,1,2,64,0.2,0,0,0.5583,0.7628,0.4509,0.4085,0.4348,0.4619,3.317
149,ratioNorm,1,1,0,1,3,32,1,2,64,0.2,0,0,0.5682,0.7202,0.5031,0.3192,0.613,0.4732,3.2685
150,ratioNorm,1,1,0,1,4,32,1,2,64,0.2,0,0,0.5566,0.742,0.4584,0.3878,0.4867,0.4642,3.5069
151,ratioNorm,1,1,0,1,2,16,1,3,64,0.2,0,0,0.5597,0.7182,0.4938,0.3192,0.5785,0.4633,3.2553
152,ratioNorm,1,1,0,1,3,16,1,3,64,0.2,0,0,0.5545,0.7126,0.5385,0.3431,0.4322,0.4565,3.3186
153,ratioNorm,1,1,0,1,4,16,1,3,64,0.2,0,0,0.5633,0.7299,0.5745,0.2451,0.4907,0.4415,3.3409
154,ratioNorm,1,1,0,1,2,32,1,3,64,0.2,0,0,0.5614,0.6964,0.5062,0.3399,0.5957,0.4766,3.2256
155,ratioNorm,1,1,0,1,3,32,1,3,64,0.2,0,0,0.5677,0.7324,0.5553,0.2745,0.5199,0.4536,3.4292
156,ratioNorm,1,1,0,1,4,32,1,3,64,0.2,0,0,0.5768,0.6974,0.6019,0.3736,0.4548,0.4907,3.1849
157,ratioNorm,1,1,0,1,2,16,1,1,128,0.2,0,0,0.5772,0.7258,0.5335,0.3736,0.5293,0.4879,3.2101
158,ratioNorm,1,1,0,1,3,16,1,1,128,0.2,0,0,0.5764,0.7076,0.5957,0.2876,0.5439,0.4733,3.1827
159,ratioNorm,1,1,0,1,4,16,1,1,128,0.2,0,0,0.5707,0.6989,0.5143,0.3508,0.6237,0.4892,3.1622
160,ratioNorm,1,1,0,1,2,32,1,1,128,0.2,0,0,0.5741,0.7537,0.5236,0.3279,0.512,0.466,3.3309
161,ratioNorm,1,1,0,1,3,32,1,1,128,0.2,0,0,0.5652,0.7522,0.4236,0.3922,0.5891,0.477,3.316
162,ratioNorm,1,1,0,1,4,32,1,1,128,0.2,0,0,0.5781,0.7324,0.518,0.3017,0.6396,0.4773,3.2617
163,ratioNorm,1,1,0,1,2,16,1,2,128,0.2,0,0,0.558,0.7319,0.5012,0.3083,0.5279,0.4525,3.2668
164,ratioNorm,1,1,0,1,3,16,1,2,128,0.2,0,0,0.5684,0.7395,0.4646,0.3725,0.5811,0.4786,3.23
165,ratioNorm,1,1,0,1,4,16,1,2,128,0.2,0,0,0.566,0.6959,0.5807,0.2277,0.6064,0.4562,3.1241
166,ratioNorm,1,1,0,1,2,32,1,2,128,0.2,0,0,0.5772,0.703,0.6286,0.2102,0.5851,0.46,3.2964
167,ratioNorm,1,1,0,1,3,32,1,2,128,0.2,0,0,0.5593,0.6913,0.6062,0.1928,0.5598,0.4401,3.2621
168,ratioNorm,1,1,0,1,4,32,1,2,128,0.2,0,0,0.5702,0.7243,0.5689,0.2255,0.5891,0.4511,3.3787
169,ratioNorm,1,1,0,1,2,16,1,3,128,0.2,0,0,0.5559,0.7111,0.4882,0.3704,0.5199,0.4697,3.2167
170,ratioNorm,1,1,0,1,3,16,1,3,128,0.2,0,0,0.5622,0.7623,0.4435,0.3344,0.5691,0.4569,3.2763
171,ratioNorm,1,1,0,1,4,16,1,3,128,0.2,0,0,0.5709,0.7653,0.4689,0.281,0.633,0.4562,3.332
172,ratioNorm,1,1,0,1,2,32,1,3,128,0.2,0,0,0.5667,0.6929,0.5963,0.3083,0.488,0.4691,3.16
173,ratioNorm,1,1,0,1,3,32,1,3,128,0.2,0,0,0.57,0.6792,0.6019,0.2778,0.5718,0.4739,3.2135
174,ratioNorm,1,1,0,1,4,32,1,3,128,0.2,0,0,0.5635,0.7055,0.5043,0.2821,0.6609,0.4669,3.1514
175,ratioNorm,1,1,0,1,2,16,1,1,256,0.2,0,0,0.5667,0.7552,0.4944,0.2952,0.5585,0.4536,3.3477
176,ratioNorm,1,1,0,1,3,16,1,1,256,0.2,0,0,0.5648,0.6868,0.5851,0.2625,0.5705,0.4633,3.1095
177,ratioNorm,1,1,0,1,4,16,1,1,256,0.2,0,0,0.5783,0.7319,0.5137,0.2952,0.6596,0.4773,3.2453
178,ratioNorm,1,1,0,1,2,32,1,1,256,0.2,0,0,0.565,0.7349,0.4764,0.4052,0.504,0.4793,3.2653
179,ratioNorm,1,1,0,1,3,32,1,1,256,0.2,0,0,0.5768,0.7005,0.6012,0.2756,0.5678,0.4742,3.2438
180,ratioNorm,1,1,0,1,4,32,1,1,256,0.2,0,0,0.57,0.7334,0.5161,0.3333,0.5452,0.4706,3.3451
181,ratioNorm,1,1,0,1,2,16,1,2,256,0.2,0,0,0.5654,0.6944,0.5901,0.293,0.5066,0.465,3.1883
182,ratioNorm,1,1,0,1,3,16,1,2,256,0.2,0,0,0.5568,0.6934,0.5596,0.329,0.4707,0.463,3.1924
183,ratioNorm,1,1,0,1,4,16,1,2,256,0.2,0,0,0.5629,0.7364,0.5478,0.1438,0.6516,0.4258,3.3086
184,ratioNorm,1,1,0,1,2,32,1,2,256,0.2,0,0,0.5633,0.7491,0.482,0.2473,0.6356,0.4455,3.4247
185,ratioNorm,1,1,0,1,3,32,1,2,256,0.2,0,0,0.5705,0.738,0.5689,0.3007,0.4641,0.4576,3.2409
186,ratioNorm,1,1,0,1,4,32,1,2,256,0.2,0,0,0.5589,0.7461,0.4783,0.3094,0.5452,0.4509,3.4198
187,ratioNorm,1,1,0,1,2,16,1,3,256,0.2,0,0,0.5502,0.6356,0.6665,0.1623,0.5505,0.4385,3.0324
188,ratioNorm,1,1,0,1,3,16,1,3,256,0.2,0,0,0.5502,0.6893,0.5217,0.2505,0.6117,0.448,3.2404
189,ratioNorm,1,1,0,1,4,16,1,3,256,0.2,0,0,0.5365,0.7263,0.4429,0.342,0.4761,0.4375,3.3972
190,ratioNorm,1,1,0,1,2,32,1,3,256,0.2,0,0,0.5589,0.702,0.5224,0.281,0.6011,0.4595,3.1569
191,ratioNorm,1,1,0,1,3,32,1,3,256,0.2,0,0,0.5465,0.6853,0.4584,0.3322,0.633,0.4655,3.235
192,ratioNorm,1,1,0,1,4,32,1,3,256,0.2,0,0,0.549,0.6645,0.5056,0.3246,0.613,0.4706,3.1124
193,ratioNorm,1,1,0,1,2,16,1,1,32,0.3,0,0,0.5623,0.7207,0.5087,0.293,0.5904,0.46,3.2799
194,ratioNorm,1,1,0,1,3,16,1,1,32,0.3,0,0,0.5662,0.6746,0.5689,0.2843,0.6197,0.4758,3.0799
195,ratioNorm,1,1,0,1,4,16,1,1,32,0.3,0,0,0.5583,0.6969,0.4845,0.3115,0.6543,0.4705,3.1718
196,ratioNorm,1,1,0,1,2,32,1,1,32,0.3,0,0,0.5713,0.7273,0.4863,0.3638,0.5971,0.4836,3.3278
197,ratioNorm,1,1,0,1,3,32,1,1,32,0.3,0,0,0.5713,0.7354,0.4981,0.3192,0.6051,0.4717,3.2744
198,ratioNorm,1,1,0,1,4,32,1,1,32,0.3,0,0,0.5762,0.744,0.4739,0.3595,0.6197,0.4843,3.2133
199,ratioNorm,1,1,0,1,2,16,1,2,32,0.3,0,0,0.569,0.738,0.5155,0.3235,0.5399,0.4658,3.3028
200,ratioNorm,1,1,0,1,3,16,1,2,32,0.3,0,0,0.5762,0.7547,0.5137,0.3028,0.5758,0.4659,3.3355
201,ratioNorm,1,1,0,1,4,16,1,2,32,0.3,0,0,0.574,0.7415,0.4988,0.3137,0.613,0.4719,3.226
202,ratioNorm,1,1,0,1,2,32,1,2,32,0.3,0,0,0.5648,0.7486,0.5118,0.342,0.4681,0.4588,3.3676
203,ratioNorm,1,1,0,1,3,32,1,2,32,0.3,0,0,0.5677,0.7278,0.5149,0.3464,0.5306,0.4719,3.2915
204,ratioNorm,1,1,0,1,4,32,1,2,32,0.3,0,0,0.5692,0.7136,0.5522,0.2974,0.5585,0.4677,3.2129
205,ratioNorm,1,1,0,1,2,16,1,3,32,0.3,0,0,0.5629,0.7192,0.5292,0.2233,0.6396,0.4479,3.2772
206,ratioNorm,1,1,0,1,3,16,1,3,32,0.3,0,0,0.5549,0.7192,0.4652,0.3845,0.5239,0.4701,3.2166
207,ratioNorm,1,1,0,1,4,16,1,3,32,0.3,0,0,0.5561,0.7385,0.4789,0.2832,0.5758,0.446,3.2908
208,ratioNorm,1,1,0,1,2,32,1,3,32,0.3,0,0,0.5722,0.7501,0.5323,0.3268,0.4907,0.4636,3.4461
209,ratioNorm,1,1,0,1,3,32,1,3,32,0.3,0,0,0.5646,0.7405,0.4851,0.3377,0.5505,0.4648,3.3583
210,ratioNorm,1,1,0,1,4,32,1,3,32,0.3,0,0,0.5698,0.7081,0.5385,0.2996,0.6037,0.4729,3.2799
211,ratioNorm,1,1,0,1,2,16,1,1,64,0.3,0,0,0.5627,0.7253,0.518,0.2331,0.6343,0.448,3.2397
212,ratioNorm,1,1,0,1,3,16,1,1,64,0.3,0,0,0.5663,0.7116,0.5205,0.317,0.5878,0.4717,3.2038
213,ratioNorm,1,1,0,1,4,16,1,1,64,0.3,0,0,0.562,0.7177,0.4503,0.3344,0.6702,0.4747,3.2408
214,ratioNorm,1,1,0,1,2,32,1,1,64,0.3,0,0,0.5681,0.6934,0.5832,0.2974,0.5372,0.4707,3.0918
215,ratioNorm,1,1,0,1,3,32,1,1,64,0.3,0,0,0.5703,0.7228,0.5292,0.2876,0.6037,0.4668,3.3137
216,ratioNorm,1,1,0,1,4,32,1,1,64,0.3,0,0,0.57,0.6716,0.5826,0.2952,0.6117,0.4824,3.0527
217,ratioNorm,1,1,0,1,2,16,1,2,64,0.3,0,0,0.5633,0.7126,0.5224,0.2963,0.5851,0.4635,3.2785
218,ratioNorm,1,1,0,1,3,16,1,2,64,0.3,0,0,0.569,0.7775,0.4342,0.3562,0.5705,0.4646,3.44
219,ratioNorm,1,1,0,1,4,16,1,2,64,0.3,0,0,0.5528,0.7207,0.5627,0.2397,0.4734,0.4314,3.3072
220,ratioNorm,1,1,0,1,2,32,1,2,64,0.3,0,0,0.5568,0.7339,0.5143,0.1732,0.6516,0.4273,3.2275
221,ratioNorm,1,1,0,1,3,32,1,2,64,0.3,0,0,0.5595,0.7217,0.5056,0.3192,0.5426,0.46,3.2425
222,ratioNorm,1,1,0,1,4,32,1,2,64,0.3,0,0,0.5681,0.7516,0.4658,0.2919,0.6423,0.4601,3.3525
223,ratioNorm,1,1,0,1,2,16,1,3,64,0.3,0,0,0.5557,0.6782,0.5422,0.3475,0.5173,0.4729,3.2393
224,ratioNorm,1,1,0,1,3,16,1,3,64,0.3,0,0,0.5566,0.6999,0.5068,0.378,0.5053,0.4743,3.2251
225,ratioNorm,1,1,0,1,4,16,1,3,64,0.3,0,0,0.5502,0.7045,0.4783,0.366,0.5239,0.4651,3.2936
226,ratioNorm,1,1,0,1,2,32,1,3,64,0.3,0,0,0.561,0.738,0.4752,0.3344,0.5572,0.4615,3.2834
227,ratioNorm,1,1,0,1,3,32,1,3,64,0.3,0,0,0.5707,0.7258,0.4696,0.3758,0.6184,0.4874,3.3157
228,ratioNorm,1,1,0,1,4,32,1,3,64,0.3,0,0,0.5692,0.7592,0.4727,0.3344,0.5638,0.4643,3.4442
229,ratioNorm,1,1,0,1,2,16,1,1,128,0.3,0,0,0.5625,0.7197,0.4826,0.317,0.621,0.4678,3.2552
230,ratioNorm,1,1,0,1,3,16,1,1,128,0.3,0,0,0.5751,0.7466,0.5106,0.3333,0.5585,0.4729,3.2968
231,ratioNorm,1,1,0,1,4,16,1,1,128,0.3,0,0,0.57,0.7288,0.5758,0.2418,0.5412,0.4506,3.2629
232,ratioNorm,1,1,0,1,2,32,1,1,128,0.3,0,0,0.5675,0.7035,0.5379,0.3388,0.5532,0.4779,3.1481
233,ratioNorm,1,1,0,1,3,32,1,1,128,0.3,0,0,0.5757,0.7395,0.4963,0.341,0.6024,0.4797,3.2379
234,ratioNorm,1,1,0,1,4,32,1,1,128,0.3,0,0,0.5726,0.7471,0.5267,0.2919,0.5559,0.4607,3.4218
235,ratioNorm,1,1,0,1,2,16,1,2,128,0.3,0,0,0.5549,0.7329,0.4932,0.2146,0.6356,0.4342,3.2713
236,ratioNorm,1,1,0,1,3,16,1,2,128,0.3,0,0,0.5547,0.7045,0.5118,0.3508,0.5027,0.4648,3.2433
237,ratioNorm,1,1,0,1,4,16,1,2,128,0.3,0,0,0.5585,0.7177,0.4863,0.3214,0.5851,0.4632,3.2312
238,ratioNorm,1,1,0,1,2,32,1,2,128,0.3,0,0,0.5669,0.7309,0.5019,0.3519,0.5386,0.4721,3.282
239,ratioNorm,1,1,0,1,3,32,1,2,128,0.3,0,0,0.5563,0.7511,0.5211,0.183,0.5758,0.4198,3.4166
240,ratioNorm,1,1,0,1,4,32,1,2,128,0.3,0,0,0.5669,0.7212,0.4739,0.3344,0.6449,0.4771,3.222
241,ratioNorm,1,1,0,1,2,16,1,3,128,0.3,0,0,0.5568,0.7076,0.5112,0.3301,0.5359,0.4633,3.1685
242,ratioNorm,1,1,0,1,3,16,1,3,128,0.3,0,0,0.5591,0.6929,0.5509,0.3094,0.5306,0.4644,3.1718
243,ratioNorm,1,1,0,1,4,16,1,3,128,0.3,0,0,0.5616,0.7253,0.4863,0.2745,0.6436,0.457,3.312
244,ratioNorm,1,1,0,1,2,32,1,3,128,0.3,0,0,0.558,0.67,0.5273,0.3747,0.5532,0.4857,3.2043
245,ratioNorm,1,1,0,1,3,32,1,3,128,0.3,0,0,0.5614,0.7253,0.4807,0.2767,0.6516,0.4577,3.2205
246,ratioNorm,1,1,0,1,4,32,1,3,128,0.3,0,0,0.5713,0.7172,0.5863,0.256,0.5412,0.4583,3.2709
247,ratioNorm,1,1,0,1,2,16,1,1,256,0.3,0,0,0.5622,0.7076,0.5261,0.3366,0.5332,0.4699,3.2376
248,ratioNorm,1,1,0,1,3,16,1,1,256,0.3,0,0,0.5732,0.7461,0.4894,0.3148,0.6144,0.4702,3.3019
249,ratioNorm,1,1,0,1,4,16,1,1,256,0.3,0,0,0.5713,0.7542,0.5025,0.3148,0.5519,0.4625,3.3927
250,ratioNorm,1,1,0,1,2,32,1,1,256,0.3,0,0,0.5749,0.7207,0.5553,0.2625,0.6157,0.4668,3.243
251,ratioNorm,1,1,0,1,3,32,1,1,256,0.3,0,0,0.5675,0.7258,0.5882,0.219,0.5332,0.4433,3.393
252,ratioNorm,1,1,0,1,4,32,1,1,256,0.3,0,0,0.5705,0.6979,0.5503,0.3192,0.5864,0.4798,3.2235
253,ratioNorm,1,1,0,1,2,16,1,2,256,0.3,0,0,0.5543,0.739,0.4404,0.3159,0.6051,0.4534,3.3486
254,ratioNorm,1,1,0,1,3,16,1,2,256,0.3,0,0,0.5551,0.7263,0.4516,0.3529,0.5745,0.4642,3.285
255,ratioNorm,1,1,0,1,4,16,1,2,256,0.3,0,0,0.5488,0.7248,0.5373,0.256,0.4694,0.4299,3.3527
256,ratioNorm,1,1,0,1,2,32,1,2,256,0.3,0,0,0.5622,0.7126,0.5199,0.2658,0.6197,0.4575,3.1473
257,ratioNorm,1,1,0,1,3,32,1,2,256,0.3,0,0,0.558,0.7486,0.4292,0.3442,0.5944,0.4602,3.3202
258,ratioNorm,1,1,0,1,4,32,1,2,256,0.3,0,0,0.5452,0.668,0.5429,0.3126,0.512,0.4571,3.2194
259,ratioNorm,1,1,0,1,2,16,1,3,256,0.3,0,0,0.5519,0.6979,0.5267,0.2571,0.5824,0.4471,3.1657
260,ratioNorm,1,1,0,1,3,16,1,3,256,0.3,0,0,0.5494,0.6579,0.5969,0.2484,0.5306,0.4503,3.1822
261,ratioNorm,1,1,0,1,4,16,1,3,256,0.3,0,0,0.5589,0.6858,0.582,0.2756,0.5226,0.4579,3.3007
262,ratioNorm,1,1,0,1,2,32,1,3,256,0.3,0,0,0.5563,0.6959,0.5652,0.3115,0.4694,0.4577,3.2678
263,ratioNorm,1,1,0,1,3,32,1,3,256,0.3,0,0,0.5623,0.6999,0.6106,0.281,0.4415,0.4539,3.1942
264,ratioNorm,1,1,0,1,4,32,1,3,256,0.3,0,0,0.5469,0.6483,0.5168,0.3235,0.6184,0.4729,3.1538
265,ratioNorm,1,1,0,1,2,16,1,1,32,0.1,0,0,0.5671,0.7547,0.5056,0.2789,0.5585,0.4504,3.3447
266,ratioNorm,1,1,0,1,3,16,1,1,32,0.1,0,0,0.5698,0.7055,0.5186,0.3911,0.5412,0.4908,3.1302
267,ratioNorm,1,1,0,1,4,16,1,1,32,0.1,0,0,0.5751,0.7339,0.5298,0.2789,0.617,0.4673,3.2924
268,ratioNorm,1,1,0,1,2,32,1,1,32,0.1,0,0,0.5709,0.6974,0.5224,0.3736,0.5838,0.4927,3.1974
269,ratioNorm,1,1,0,1,3,32,1,1,32,0.1,0,0,0.5711,0.7187,0.5224,0.3638,0.5412,0.4824,3.2081
270,ratioNorm,1,1,0,1,4,32,1,1,32,0.1,0,0,0.5702,0.6868,0.605,0.2625,0.5652,0.4682,3.23
271,ratioNorm,1,1,0,1,2,16,1,2,32,0.1,0,0,0.5741,0.7253,0.5273,0.3301,0.5758,0.4779,3.2421
272,ratioNorm,1,1,0,1,3,16,1,2,32,0.1,0,0,0.5713,0.7045,0.5615,0.3649,0.4947,0.4838,3.211
273,ratioNorm,1,1,0,1,4,16,1,2,32,0.1,0,0,0.57,0.7192,0.5354,0.3235,0.5532,0.4726,3.245
274,ratioNorm,1,1,0,1,2,32,1,2,32,0.1,0,0,0.5705,0.7116,0.5484,0.3682,0.4947,0.4819,3.2685
275,ratioNorm,1,1,0,1,3,32,1,2,32,0.1,0,0,0.5759,0.7704,0.4857,0.3431,0.5426,0.4685,3.3591
276,ratioNorm,1,1,0,1,4,32,1,2,32,0.1,0,0,0.5814,0.7603,0.513,0.3246,0.5718,0.4741,3.3318
277,ratioNorm,1,1,0,1,2,16,1,3,32,0.1,0,0,0.5635,0.6883,0.5155,0.3725,0.5718,0.4869,3.1337
278,ratioNorm,1,1,0,1,3,16,1,3,32,0.1,0,0,0.5686,0.6969,0.5416,0.3322,0.5785,0.4808,3.1888
279,ratioNorm,1,1,0,1,4,16,1,3,32,0.1,0,0,0.5688,0.7425,0.4882,0.3214,0.5878,0.4668,3.2066
280,ratioNorm,1,1,0,1,2,32,1,3,32,0.1,0,0,0.5622,0.7567,0.4335,0.3475,0.5891,0.4626,3.337
281,ratioNorm,1,1,0,1,3,32,1,3,32,0.1,0,0,0.5717,0.6802,0.5665,0.3431,0.5771,0.4906,3.1654
282,ratioNorm,1,1,0,1,4,32,1,3,32,0.1,0,0,0.5713,0.7557,0.5081,0.232,0.637,0.4482,3.2739
283,ratioNorm,1,1,0,1,2,16,1,1,64,0.1,0,0,0.5696,0.7096,0.5298,0.3932,0.5027,0.4877,3.223
284,ratioNorm,1,1,0,1,3,16,1,1,64,0.1,0,0,0.5772,0.7471,0.5037,0.3388,0.5798,0.4773,3.3359
285,ratioNorm,1,1,0,1,4,16,1,1,64,0.1,0,0,0.582,0.6873,0.6255,0.3017,0.5545,0.488,3.1499
286,ratioNorm,1,1,0,1,2,32,1,1,64,0.1,0,0,0.5766,0.7456,0.5422,0.3344,0.5027,0.4715,3.3479
287,ratioNorm,1,1,0,1,3,32,1,1,64,0.1,0,0,0.57,0.6969,0.5199,0.3747,0.5824,0.492,3.1303
288,ratioNorm,1,1,0,1,4,32,1,1,64,0.1,0,0,0.578,0.738,0.5478,0.2887,0.5758,0.4688,3.273
289,ratioNorm,1,1,0,1,2,16,1,2,64,0.1,0,0,0.5585,0.6543,0.5571,0.3562,0.5572,0.4865,3.078
290,ratioNorm,1,1,0,1,3,16,1,2,64,0.1,0,0,0.5694,0.6817,0.5441,0.3431,0.6051,0.4897,3.1285
291,ratioNorm,1,1,0,1,4,16,1,2,64,0.1,0,0,0.5684,0.703,0.5441,0.3551,0.5279,0.4812,3.2204
292,ratioNorm,1,1,0,1,2,32,1,2,64,0.1,0,0,0.5711,0.6776,0.5832,0.3704,0.5106,0.493,3.1553
293,ratioNorm,1,1,0,1,3,32,1,2,64,0.1,0,0,0.5709,0.7638,0.4665,0.2963,0.6237,0.4596,3.362
294,ratioNorm,1,1,0,1,4,32,1,2,64,0.1,0,0,0.5711,0.7278,0.5056,0.3671,0.5492,0.4811,3.2743
295,ratioNorm,1,1,0,1,2,16,1,3,64,0.1,0,0,0.5458,0.7273,0.4447,0.39,0.4761,0.4574,3.2472
296,ratioNorm,1,1,0,1,3,16,1,3,64,0.1,0,0,0.5599,0.705,0.5149,0.3083,0.5824,0.4648,3.28
297,ratioNorm,1,1,0,1,4,16,1,3,64,0.1,0,0,0.5757,0.7126,0.587,0.2004,0.6503,0.4576,3.1831
298,ratioNorm,1,1,0,1,2,32,1,3,64,0.1,0,0,0.5663,0.6944,0.564,0.281,0.5838,0.4678,3.2399
299,ratioNorm,1,1,0,1,3,32,1,3,64,0.1,0,0,0.574,0.7375,0.5267,0.2908,0.5918,0.4664,3.2956
300,ratioNorm,1,1,0,1,4,32,1,3,64,0.1,0,0,0.569,0.7035,0.5217,0.3235,0.617,0.4797,3.1978
301,ratioNorm,1,1,0,1,2,16,1,1,128,0.1,0,0,0.5534,0.6619,0.5317,0.3475,0.5665,0.478,3.0988
302,ratioNorm,1,1,0,1,3,16,1,1,128,0.1,0,0,0.5662,0.6543,0.5907,0.3301,0.5705,0.4888,3.1166
303,ratioNorm,1,1,0,1,4,16,1,1,128,0.1,0,0,0.5646,0.6984,0.5329,0.3061,0.5971,0.4716,3.2303
304,ratioNorm,1,1,0,1,2,32,1,1,128,0.1,0,0,0.5721,0.707,0.5615,0.3105,0.5598,0.4753,3.1666
305,ratioNorm,1,1,0,1,3,32,1,1,128,0.1,0,0,0.5738,0.6974,0.5913,0.2832,0.5665,0.4737,3.2433
306,ratioNorm,1,1,0,1,4,32,1,1,128,0.1,0,0,0.5732,0.6934,0.6149,0.2614,0.5492,0.4682,3.2846
307,ratioNorm,1,1,0,1,2,16,1,2,128,0.1,0,0,0.5536,0.6954,0.4957,0.3268,0.5824,0.4654,3.1891
308,ratioNorm,1,1,0,1,3,16,1,2,128,0.1,0,0,0.5639,0.7182,0.4888,0.4292,0.484,0.487,3.2032
309,ratioNorm,1,1,0,1,4,16,1,2,128,0.1,0,0,0.5688,0.7177,0.5814,0.2244,0.5718,0.4503,3.2867
310,ratioNorm,1,1,0,1,2,32,1,2,128,0.1,0,0,0.5702,0.7293,0.5161,0.366,0.5173,0.4776,3.2426
311,ratioNorm,1,1,0,1,3,32,1,2,128,0.1,0,0,0.5713,0.7212,0.5186,0.268,0.6609,0.4671,3.2482
312,ratioNorm,1,1,0,1,4,32,1,2,128,0.1,0,0,0.5738,0.7339,0.5267,0.3061,0.5811,0.4701,3.3148
313,ratioNorm,1,1,0,1,2,16,1,3,128,0.1,0,0,0.5523,0.7714,0.428,0.3399,0.5027,0.442,3.4526
314,ratioNorm,1,1,0,1,3,16,1,3,128,0.1,0,0,0.5648,0.7633,0.5149,0.2364,0.5519,0.4357,3.3933
315,ratioNorm,1,1,0,1,4,16,1,3,128,0.1,0,0,0.5671,0.669,0.5981,0.2418,0.6303,0.4691,3.1057
316,ratioNorm,1,1,0,1,2,32,1,3,128,0.1,0,0,0.5502,0.7608,0.4081,0.2908,0.6184,0.4385,3.4483
317,ratioNorm,1,1,0,1,3,32,1,3,128,0.1,0,0,0.5663,0.7537,0.4882,0.2429,0.637,0.4464,3.3734
318,ratioNorm,1,1,0,1,4,32,1,3,128,0.1,0,0,0.5741,0.7425,0.5261,0.2495,0.6316,0.4582,3.3949
319,ratioNorm,1,1,0,1,2,16,1,1,256,0.1,0,0,0.5538,0.6923,0.5292,0.3257,0.5213,0.4625,3.2585
320,ratioNorm,1,1,0,1,3,16,1,1,256,0.1,0,0,0.5738,0.7157,0.5497,0.3192,0.5638,0.4769,3.2836
321,ratioNorm,1,1,0,1,4,16,1,1,256,0.1,0,0,0.5608,0.7005,0.5075,0.3486,0.5678,0.4753,3.2397
322,ratioNorm,1,1,0,1,2,32,1,1,256,0.1,0,0,0.5694,0.7516,0.459,0.3856,0.5519,0.4775,3.2771
323,ratioNorm,1,1,0,1,3,32,1,1,256,0.1,0,0,0.5789,0.7501,0.5385,0.2527,0.6144,0.4605,3.3893
324,ratioNorm,1,1,0,1,4,32,1,1,256,0.1,0,0,0.5654,0.7288,0.5062,0.2516,0.6463,0.4547,3.3431
325,ratioNorm,1,1,0,1,2,16,1,2,256,0.1,0,0,0.5521,0.702,0.4963,0.3573,0.516,0.4652,3.3167
326,ratioNorm,1,1,0,1,3,16,1,2,256,0.1,0,0,0.5633,0.7304,0.5143,0.3464,0.4947,0.4648,3.2056
327,ratioNorm,1,1,0,1,4,16,1,2,256,0.1,0,0,0.5703,0.7385,0.5317,0.2854,0.5598,0.4595,3.3496
328,ratioNorm,1,1,0,1,2,32,1,2,256,0.1,0,0,0.573,0.7395,0.4919,0.378,0.5479,0.4823,3.3407
329,ratioNorm,1,1,0,1,3,32,1,2,256,0.1,0,0,0.5606,0.6944,0.5739,0.195,0.6277,0.4451,3.1997
330,ratioNorm,1,1,0,1,4,32,1,2,256,0.1,0,0,0.5751,0.7167,0.5447,0.354,0.5386,0.4844,3.2524
331,ratioNorm,1,1,0,1,2,16,1,3,256,0.1,0,0,0.5612,0.707,0.5516,0.2985,0.5199,0.4595,3.1888
332,ratioNorm,1,1,0,1,3,16,1,3,256,0.1,0,0,0.5583,0.7395,0.5043,0.2505,0.5745,0.4404,3.2986
333,ratioNorm,1,1,0,1,4,16,1,3,256,0.1,0,0,0.5629,0.7268,0.4994,0.3355,0.5465,0.466,3.2775
334,ratioNorm,1,1,0,1,2,32,1,3,256,0.1,0,0,0.5669,0.7065,0.6037,0.22,0.5452,0.4488,3.2155
335,ratioNorm,1,1,0,1,3,32,1,3,256,0.1,0,0,0.5665,0.7258,0.5161,0.3061,0.5745,0.4648,3.291
336,ratioNorm,1,1,0,1,4,32,1,3,256,0.1,0,0,0.5637,0.7435,0.4863,0.2669,0.6197,0.4509,3.4094
337,ratioNorm_oldModel,1,1,0,1,4,16,1,1,64,0.1,0,0,0.5866,0.7594,0.5745,0.321,0.4798,0.4726,3.2242
338,230214_P,1,1,0,1,2,32,1,2,64,0.2,0,0,0.5583,0.762,0.4963,0.3255,0.5104,0.4574,3.315
339,240514_1,1,1,0,1,2,32,1,2,64,0.2,0,0,0.5967,0.7783,0.5235,0.291,0.6283,0.4769,3.339
340,240514_2,1,1,0,1,2,32,1,2,64,0.2,0,0,0.577,0.7282,0.5,0.4121,0.5285,0.4934,3.2696
341,240521_1,1,1,0,1,2,32,1,2,64,0.2,0,0,0.5808,0.7631,0.4904,0.385,0.517,0.4808,3.4316
342,240521_2,1,1,0,1,2,32,1,2,64,0.2,0,0,0.5954,0.7738,0.5207,0.3337,0.5984,0.4868,3.309
343,240521_3,1,1,0,1,2,32,1,2,64,0.2,0,0,0.5904,0.733,0.5971,0.281,0.5376,0.4723,3.3256
344,240702_1,1,1,0,1,2,32,1,2,64,0.2,0,0,0.5788,0.7757,0.469,0.3736,0.519,0.4715,3.421
345,240702_2,1,1,0,1,2,32,1,2,64,0.2,0,0,0.5821,0.7534,0.5171,0.3325,0.5581,0.4751,3.363
346,240702_3,1,1,0,1,2,32,1,2,64,0.2,0,0,0.5808,0.7173,0.5214,0.281,0.7082,0.4822,3.2142
347,240704_1,1,1,0,1,2,32,1,2,64,0.2,0,0,0.5785,0.7347,0.525,0.2714,0.6398,0.4675,3.3884
348,240704_2,1,1,0,1,2,32,1,2,64,0.2,0,0,0.5703,0.7354,0.6029,0.2859,0.4544,0.4596,3.3208
349,240704_3,1,1,0,1,2,32,1,2,64,0.2,0,0,0.5851,0.6826,0.5885,0.3787,0.5721,0.5107,3.1181
350,ratioNorm,1,1,0,1,2,32,1,2,64,0.2,1,0,0.5757,0.7385,0.4977,0.3614,0.5688,0.4815,3.2222
351,ratioNorm_oldModel,1,1,0,1,4,16,1,1,64,0.1,0,1,0.5866,0.7594,0.5745,0.321,0.4798,0.4726,
