,name,model_unique_name,acc_OTI,distance_OTI,distance_P14,distance_OT3,distance_conc,distance_SL,synthetic_EC50_OTI,synthetic_EC50_P14,synthetic_EC50_OT3,synthetic_EC50_conc,synthetic_EC50_SL,composite_score_accuracy,composite_score_distance,composite_score_syntheticEC50
0,,,,,,,,,,,,,,,,
1,,,,,,,,,,,,,,,,
2,,,,,,,,,,,,,,,,
3,swift-sweep-4,run_f8835f0e2fcf8d352145819525e06734,0.3111040592193604,0.5775622208040844,0.3700780257666506,0.4777005685407455,0.7114035979266187,0.6746320620351322,0.3117363810407836,0.01011264184916927,0.05121920404295755,0.7114035979266173,0.6213008387403073,0.9163695736784017,0.8359029233347848,0.3160779075676886
4,worthy-sweep-5,run_b11ad40a83f1a82b9b4158b2387bc848,0.37555843591690075,0.5727121888959795,0.9663400471783717,0.8199620972836393,0.611698343327574,0.7606108561481247,0.3506758716714036,0.1296218751308575,0.20490208464940066,0.6116983433275737,0.607275676531097,1.412826314419798,1.3907372789540469,0.4263335100348183
5,azure-sweep-6,run_7cec8bf5eaa771982962551f35d05cfb,0.30918955802917486,0.5704148053605617,0.9438395935401943,0.4900821225521169,0.573017244299895,0.6673629793743737,0.4315716191912753,0.15759390310288648,0.06526847757422584,0.5730172442998955,0.5711214854671102,1.2681611616491155,1.2068084832954378,0.4640580512731552
6,,,,,,,,,,,,,,,,
7,,,,,,,,,,,,,,,,
8,,,,,,,,,,,,,,,,
9,,,,,,,,,,,,,,,,
10,,,,,,,,,,,,,,,,
11,,,,,,,,,,,,,,,,
12,,,,,,,,,,,,,,,,
13,,,,,,,,,,,,,,,,
14,,,,,,,,,,,,,,,,
15,,,,,,,,,,,,,,,,
16,,,,,,,,,,,,,,,,
17,,,,,,,,,,,,,,,,
18,,,,,,,,,,,,,,,,
19,,,,,,,,,,,,,,,,
20,,,,,,,,,,,,,,,,
21,,,,,,,,,,,,,,,,
22,,,,,,,,,,,,,,,,
23,,,,,,,,,,,,,,,,
24,,,,,,,,,,,,,,,,
25,,,,,,,,,,,,,,,,
26,grateful-sweep-31,run_9b78fcb9bd96c3308bc33d2938f7970b,0.08966177701950075,0.8068921506062536,0.5900018145527148,0.9460518003790271,0.6967849036148659,0.7228675423326476,0.3933283053895686,0.047297014362882674,0.1022615287428952,0.6967849036148664,0.5585008176399219,1.4393859212855973,1.3762961501384359,0.4091473862181041
27,,,,,,,,,,,,,,,,
28,,,,,,,,,,,,,,,,
29,lucky-sweep-34,run_b2ebfefc789ec1a210442c2409717518,0.20516902208328253,0.6627696234843649,0.4326800943567432,0.5807959570435884,0.6323813395670291,0.6822704014348262,0.4228926147241404,0.014509442653155485,0.05051168667087708,0.6323813395670285,0.610816584902674,1.0753103232215264,0.9817329482014673,0.4261456535090583
30,,,,,,,,,,,,,,,,
31,,,,,,,,,,,,,,,,
32,,,,,,,,,,,,,,,,
33,unique-sweep-38,run_af49a75bc3c8b94cd90b0b3efe42b565,0.29195904731750494,0.5918059987236756,0.6565958991108729,0.619646241313961,0.5473032489751668,0.6685920768054018,0.36803388060567493,0.09046941082869334,0.016096020214784627,0.5473032489751666,0.5718929682966719,1.147345470980415,1.0794970955167327,0.37933195678207476
34,,,,,,,,,,,,,,,,
35,,,,,,,,,,,,,,,,
36,,,,,,,,,,,,,,,,
37,,,,,,,,,,,,,,,,
38,,,,,,,,,,,,,,,,
39,,,,,,,,,,,,,,,,
40,,,,,,,,,,,,,,,,
41,,,,,,,,,,,,,,,,
42,,,,,,,,,,,,,,,,
43,,,,,,,,,,,,,,,,
44,,,,,,,,,,,,,,,,
45,,,,,,,,,,,,,,,,
46,,,,,,,,,,,,,,,,
47,,,,,,,,,,,,,,,,
48,,,,,,,,,,,,,,,,
49,,,,,,,,,,,,,,,,
50,,,,,,,,,,,,,,,,
51,,,,,,,,,,,,,,,,
52,,,,,,,,,,,,,,,,
53,,,,,,,,,,,,,,,,
54,,,,,,,,,,,,,,,,
55,,,,,,,,,,,,,,,,
56,,,,,,,,,,,,,,,,
57,,,,,,,,,,,,,,,,
58,,,,,,,,,,,,,,,,
59,,,,,,,,,,,,,,,,
60,,,,,,,,,,,,,,,,
61,,,,,,,,,,,,,,,,
62,,,,,,,,,,,,,,,,
63,,,,,,,,,,,,,,,,
64,,,,,,,,,,,,,,,,
65,,,,,,,,,,,,,,,,
66,,,,,,,,,,,,,,,,
67,,,,,,,,,,,,,,,,
68,,,,,,,,,,,,,,,,
69,,,,,,,,,,,,,,,,
70,glad-sweep-78,run_2363e1f0001fa1de55f7725cdb8976b0,0.20899802446365362,0.6560306317804722,0.6357285429141741,0.7011370814908403,0.6704949690009148,0.6692883895131087,0.3876196553924668,0.0580168334659353,0.12343651295009529,0.6704949690009153,0.5367476393944192,1.2334618407634972,1.1515729143877766,0.4109154693379988
71,,,,,,,,,,,,,,,,
72,,,,,,,,,,,,,,,,
73,clean-sweep-82,run_a91b10afb595170c18a1bc15696434d6,0.22622853517532354,0.6243267389917041,0.3062057702776292,0.4882501579279853,0.7678287088796287,0.7056654533945245,0.38256077043568965,0.020497466605250855,0.08669614655716752,0.7678287088796294,0.6941169488843167,0.9648173248055533,0.8496670333065972,0.39279652625939004
74,,,,,,,,,,,,,,,,
75,,,,,,,,,,,,,,,,
76,,,,,,,,,,,,,,,,
77,,,,,,,,,,,,,,,,
78,,,,,,,,,,,,,,,,
79,pleasant-sweep-88,run_d09a6172294ebe3176b4fd03d8a28229,0.13752400875091556,0.7468538608806637,0.4765922700054462,0.8381554011370814,0.6491428668225091,0.7084981800917868,0.36817311597145597,0.017608140362631673,0.07279848389134559,0.6491428668225082,0.5326264704330845,1.2936419534652148,1.2196045907574142,0.3757141322708527
80,,,,,,,,,,,,,,,,
81,zesty-sweep-90,run_dfaf73cfd2523af85bb3a3965bd3545a,0.20070195198059088,0.6876324186343331,0.8182725458174585,0.8226784586228688,0.6829284818917912,0.6929049955161682,0.3785693566165808,0.09846740086261119,0.10832596336070911,0.6829284818917907,0.5517486944136728,1.4089879967864603,1.3487802447684303,0.4058880401536313
82,,,,,,,,,,,,,,,,
83,,,,,,,,,,,,,,,,
84,,,,,,,,,,,,,,,,
85,,,,,,,,,,,,,,,,
86,,,,,,,,,,,,,,,,
87,,,,,,,,,,,,,,,,
88,,,,,,,,,,,,,,,,
89,,,,,,,,,,,,,,,,
90,,,,,,,,,,,,,,,,
91,,,,,,,,,,,,,,,,
92,,,,,,,,,,,,,,,,
93,,,,,,,,,,,,,,,,
94,,,,,,,,,,,,,,,,
95,winter-sweep-104,run_937b976e3d3bff473d331f46f2531ebe,0.1107209920883179,0.7176515634971287,0.9211576846307422,0.7315224257738474,0.6596622285462616,0.7307327108719734,0.3856239484829142,0.13343243582764647,0.2845988629185083,0.6596622285462611,0.6097285962968826,1.4746096748891584,1.3779260887123799,0.49750030889333136
96,,,,,,,,,,,,,,,,
97,,,,,,,,,,,,,,,,
98,,,,,,,,,,,,,,,,
99,,,,,,,,,,,,,,,,
100,,,,,,,,,,,,,,,,
101,,,,,,,,,,,,,,,,
102,,,,,,,,,,,,,,,,
103,,,,,,,,,,,,,,,,
104,,,,,,,,,,,,,,,,
105,,,,,,,,,,,,,,,,
106,,,,,,,,,,,,,,,,
107,,,,,,,,,,,,,,,,
108,,,,,,,,,,,,,,,,
109,,,,,,,,,,,,,,,,
110,,,,,,,,,,,,,,,,
111,,,,,,,,,,,,,,,,
112,,,,,,,,,,,,,,,,
113,,,,,,,,,,,,,,,,
114,ancient-sweep-123,run_9faf1a1881792ffa6d850fc9e54f8134,0.17836630344390872,0.6974345883854499,0.6319179822173862,0.7139608338597604,0.6884676627028492,0.6785725589492008,0.3664094680048743,0.06450734893848732,0.08073278584965406,0.6884676627028493,0.5654705385873287,1.258627164752074,1.1813024225877975,0.38070313765680064
115,,,,,,,,,,,,,,,,
116,,,,,,,,,,,,,,,,
117,,,,,,,,,,,,,,,,
118,,,,,,,,,,,,,,,,
119,,,,,,,,,,,,,,,,
120,,,,,,,,,,,,,,,,
121,,,,,,,,,,,,,,,,
122,,,,,,,,,,,,,,,,
123,,,,,,,,,,,,,,,,
124,,,,,,,,,,,,,,,,
125,,,,,,,,,,,,,,,,
126,,,,,,,,,,,,,,,,
127,,,,,,,,,,,,,,,,
128,,,,,,,,,,,,,,,,
129,,,,,,,,,,,,,,,,
130,,,,,,,,,,,,,,,,
131,,,,,,,,,,,,,,,,
132,,,,,,,,,,,,,,,,
133,,,,,,,,,,,,,,,,
134,easy-sweep-145,run_2a71eb3d6f1b560df8b348ef267edd85,0.19814938306808477,0.6952393107849394,0.7101252041371826,0.7490208464939991,0.6826066334654606,0.6820435722951944,0.3359169228984176,0.07954022025878404,0.08361339229311739,0.6826066334654615,0.5717479031492331,1.3070097344348877,1.2444547935920292,0.35518730987905534
135,,,,,,,,,,,,,,,,
136,,,,,,,,,,,,,,,,
137,,,,,,,,,,,,,,,,
138,,,,,,,,,,,,,,,,
139,,,,,,,,,,,,,,,,
140,,,,,,,,,,,,,,,,
141,,,,,,,,,,,,,,,,
142,,,,,,,,,,,,,,,,
143,,,,,,,,,,,,,,,,
144,,,,,,,,,,,,,,,,
145,,,,,,,,,,,,,,,,
146,smart-sweep-158,run_d970ea3757ffcd0c461c0f9b9d42240c,0.23005753755569464,0.6544479897894068,0.5422790782072247,0.6181301326595069,0.6151031608903345,0.6723426702537322,0.414213610257007,0.0322641430425863,0.019380922299431783,0.6151031608903347,0.5937912116896125,1.1264825143062531,1.050929888671139,0.41592007645411005
147,,,,,,,,,,,,,,,,
148,,,,,,,,,,,,,,,,
149,,,,,,,,,,,,,,,,
150,,,,,,,,,,,,,,,,
151,,,,,,,,,,,,,,,,
152,,,,,,,,,,,,,,,,
153,rich-sweep-165,run_991080440297268b6d627a1e84532225,0.20708352327346807,0.6643012125079769,0.4388495735801156,0.6165508528111181,0.6629908188501542,0.6677902621722845,0.39188953994314635,0.015933168627779718,0.08937460518004005,0.6629908188501553,0.5742931370997522,1.096102386366339,1.0069856023167036,0.40226744515366913
154,,,,,,,,,,,,,,,,
155,,,,,,,,,,,,,,,,
156,,,,,,,,,,,,,,,,
157,,,,,,,,,,,,,,,,
158,,,,,,,,,,,,,,,,
159,,,,,,,,,,,,,,,,
160,worldly-sweep-172,run_c0633a94877064eb60619bab0a506a89,0.2511167526245118,0.6202935545628591,0.935855561604067,0.5205306380290587,0.608996510485483,0.6921348314606742,0.4035853106689098,0.13406055022821595,0.08108654453569188,0.608996510485482,0.6184786622355858,1.3067531884452623,1.2375547952088544,0.4329299733443634
161,,,,,,,,,,,,,,,,
162,,,,,,,,,,,,,,,,
163,,,,,,,,,,,,,,,,
164,,,,,,,,,,,,,,,,
165,,,,,,,,,,,,,,,,
166,,,,,,,,,,,,,,,,
167,,,,,,,,,,,,,,,,
168,fearless-sweep-180,run_ca3a8338f6adc6f4dc01888c1d56e66b,0.20708352327346807,0.6675175494575621,0.6444383959354041,0.4742893240682251,0.7122929159467426,0.6756659809041515,0.37402100133434085,0.07342657342657379,0.09902716361339343,0.7122929159467435,0.5947539167589809,1.1264846861565885,1.0420320954340705,0.39381410621970464
169,,,,,,,,,,,,,,,,
170,,,,,,,,,,,,,,,,
171,,,,,,,,,,,,,,,,
172,,,,,,,,,,,,,,,,
173,vocal-sweep-185,run_317becb9dd7b6096d427c90bcd4ff045,0.16815572977066043,0.6682833439693684,0.580566140446382,0.5827542640555912,0.7039248568621473,0.6781241757662078,0.41732320009282564,0.06019429672124322,0.09432722678458651,0.7039248568621459,0.5656090098644301,1.1698822443396448,1.0598406500671047,0.4320643845613203
174,,,,,,,,,,,,,,,,
175,,,,,,,,,,,,,,,,
176,,,,,,,,,,,,,,,,
177,deep-sweep-189,run_c267af9d0f35f222c1ac9b6fea96b69a,0.24026811122894293,0.5919081046585833,0.3103792415169678,0.2975994946304484,0.7181454754887014,0.6849554254365143,0.3780588269420432,0.009400778861856812,0.029791535060013256,0.7181454754887018,0.6591958115735606,0.8729795390411991,0.7316118760172383,0.37934731689209994
178,,,,,,,,,,,,,,,,
179,,,,,,,,,,,,,,,,
180,,,,,,,,,,,,,,,,
181,ethereal-sweep-194,run_baa94bad32084fd605c76549a52fdea1,0.2306956052780152,0.634282067645182,0.9855743059335896,0.5168667087807961,0.5502761120710099,0.6781452761512897,0.4344027382955265,0.1550814455006077,0.0871509791535068,0.5502761120710106,0.5765680223664078,1.3528995376231483,1.2809456071584837,0.46941589975694753
182,,,,,,,,,,,,,,,,
183,,,,,,,,,,,,,,,,
184,,,,,,,,,,,,,,,,
185,,,,,,,,,,,,,,,,
186,,,,,,,,,,,,,,,,
187,helpful-sweep-200,run_47fa8273f4092fbff271c33f60b9806b,0.330248773097992,0.5682195277600509,0.8023044819452025,0.3103600758054332,0.6013399058169869,0.6657013240491639,0.49343853338748284,0.0993048867300363,0.024333543903981184,0.6013399058169866,0.5896304795062506,1.0902213373164455,1.0309652225614447,0.5039198032613745
188,,,,,,,,,,,,,,,,
189,,,,,,,,,,,,,,,,
190,,,,,,,,,,,,,,,,
191,,,,,,,,,,,,,,,,
192,,,,,,,,,,,,,,,,
193,,,,,,,,,,,,,,,,
194,,,,,,,,,,,,,,,,
195,,,,,,,,,,,,,,,,
196,,,,,,,,,,,,,,,,
197,,,,,,,,,,,,,,,,
198,,,,,,,,,,,,,,,,
199,,,,,,,,,,,,,,,,
200,,,,,,,,,,,,,,,,
201,,,,,,,,,,,,,,,,
202,,,,,,,,,,,,,,,,
203,,,,,,,,,,,,,,,,
204,,,,,,,,,,,,,,,,
205,,,,,,,,,,,,,,,,
206,,,,,,,,,,,,,,,,
207,,,,,,,,,,,,,,,,
208,,,,,,,,,,,,,,,,
209,,,,,,,,,,,,,,,,
210,,,,,,,,,,,,,,,,
211,,,,,,,,,,,,,,,,
212,,,,,,,,,,,,,,,,
213,,,,,,,,,,,,,,,,
214,,,,,,,,,,,,,,,,
215,,,,,,,,,,,,,,,,
216,,,,,,,,,,,,,,,,
217,,,,,,,,,,,,,,,,
218,,,,,,,,,,,,,,,,
219,,,,,,,,,,,,,,,,
220,,,,,,,,,,,,,,,,
221,,,,,,,,,,,,,,,,
222,,,,,,,,,,,,,,,,
223,,,,,,,,,,,,,,,,
224,,,,,,,,,,,,,,,,
225,,,,,,,,,,,,,,,,
226,,,,,,,,,,,,,,,,
227,,,,,,,,,,,,,,,,
228,,,,,,,,,,,,,,,,
229,,,,,,,,,,,,,,,,
230,,,,,,,,,,,,,,,,
231,,,,,,,,,,,,,,,,
232,,,,,,,,,,,,,,,,
233,,,,,,,,,,,,,,,,
234,,,,,,,,,,,,,,,,
235,,,,,,,,,,,,,,,,
236,,,,,,,,,,,,,,,,
237,,,,,,,,,,,,,,,,
238,,,,,,,,,,,,,,,,
239,,,,,,,,,,,,,,,,
240,,,,,,,,,,,,,,,,
241,,,,,,,,,,,,,,,,
242,,,,,,,,,,,,,,,,
243,,,,,,,,,,,,,,,,
244,,,,,,,,,,,,,,,,
245,,,,,,,,,,,,,,,,
246,sleek-sweep-59,run_a4510b8ff412c3f5422689bd34d862d0,0.5172303318977357,0.41766432673899156,0.9719651605879182,0.5504106127605819,0.5584324287698615,0.70717940602416,0.29363578348900576,0.1573007830492877,0.15542640555906742,0.5584324287698593,0.5829508888537215,1.2168544154810579,1.1925232097810559,0.3675906381263444
247,,,,,,,,,,,,,,,,
248,,,,,,,,,,,,,,,,
249,,,,,,,,,,,,,,,,
250,,,,,,,,,,,,,,,,
251,,,,,,,,,,,,,,,,
252,,,,,,,,,,,,,,,,
253,,,,,,,,,,,,,,,,
254,,,,,,,,,,,,,,,,
255,,,,,,,,,,,,,,,,
256,,,,,,,,,,,,,,,,
257,,,,,,,,,,,,,,,,
258,,,,,,,,,,,,,,,,
259,,,,,,,,,,,,,,,,
260,,,,,,,,,,,,,,,,
261,,,,,,,,,,,,,,,,
262,,,,,,,,,,,,,,,,
263,,,,,,,,,,,,,,,,
264,,,,,,,,,,,,,,,,
265,,,,,,,,,,,,,,,,
266,,,,,,,,,,,,,,,,
267,,,,,,,,,,,,,,,,
268,,,,,,,,,,,,,,,,
269,,,,,,,,,,,,,,,,
270,,,,,,,,,,,,,,,,
271,,,,,,,,,,,,,,,,
272,,,,,,,,,,,,,,,,
273,,,,,,,,,,,,,,,,
274,,,,,,,,,,,,,,,,
275,,,,,,,,,,,,,,,,
276,,,,,,,,,,,,,,,,
277,,,,,,,,,,,,,,,,
278,,,,,,,,,,,,,,,,
279,,,,,,,,,,,,,,,,
280,,,,,,,,,,,,,,,,
281,,,,,,,,,,,,,,,,
282,,,,,,,,,,,,,,,,
283,,,,,,,,,,,,,,,,
284,,,,,,,,,,,,,,,,
285,,,,,,,,,,,,,,,,
286,,,,,,,,,,,,,,,,
287,,,,,,,,,,,,,,,,
288,,,,,,,,,,,,,,,,
289,,,,,,,,,,,,,,,,
290,,,,,,,,,,,,,,,,
291,,,,,,,,,,,,,,,,
292,,,,,,,,,,,,,,,,
293,,,,,,,,,,,,,,,,
294,,,,,,,,,,,,,,,,
295,,,,,,,,,,,,,,,,
296,,,,,,,,,,,,,,,,
297,,,,,,,,,,,,,,,,
298,,,,,,,,,,,,,,,,
299,,,,,,,,,,,,,,,,
300,,,,,,,,,,,,,,,,
301,,,,,,,,,,,,,,,,
302,,,,,,,,,,,,,,,,
303,,,,,,,,,,,,,,,,
304,,,,,,,,,,,,,,,,
305,,,,,,,,,,,,,,,,
306,,,,,,,,,,,,,,,,
307,,,,,,,,,,,,,,,,
308,,,,,,,,,,,,,,,,
309,,,,,,,,,,,,,,,,
310,,,,,,,,,,,,,,,,
311,,,,,,,,,,,,,,,,
312,,,,,,,,,,,,,,,,
313,,,,,,,,,,,,,,,,
314,,,,,,,,,,,,,,,,
315,,,,,,,,,,,,,,,,
316,,,,,,,,,,,,,,,,
317,,,,,,,,,,,,,,,,
318,,,,,,,,,,,,,,,,
319,,,,,,,,,,,,,,,,
320,,,,,,,,,,,,,,,,
321,,,,,,,,,,,,,,,,
322,,,,,,,,,,,,,,,,
323,,,,,,,,,,,,,,,,
324,,,,,,,,,,,,,,,,
325,,,,,,,,,,,,,,,,
326,,,,,,,,,,,,,,,,
327,,,,,,,,,,,,,,,,
328,,,,,,,,,,,,,,,,
329,,,,,,,,,,,,,,,,
330,,,,,,,,,,,,,,,,
331,,,,,,,,,,,,,,,,
332,robust-sweep-145,run_e8b1fea66e64b1cd052f193f7a252ff6,0.5242502689361573,0.405360561582642,0.9492832516784646,0.6794061907770056,0.5462784158281668,0.730062773645619,0.23938040262226615,0.15767765168962844,0.19317751105496175,0.5462784158281666,0.6106715197552355,1.2605829090506815,1.2357380988178501,0.3456627977948219
333,,,,,,,,,,,,,,,,
334,,,,,,,,,,,,,,,,
335,,,,,,,,,,,,,,,,
336,,,,,,,,,,,,,,,,
337,,,,,,,,,,,,,,,,
338,,,,,,,,,,,,,,,,
339,,,,,,,,,,,,,,,,
340,,,,,,,,,,,,,,,,
341,,,,,,,,,,,,,,,,
342,,,,,,,,,,,,,,,,
343,,,,,,,,,,,,,,,,
344,,,,,,,,,,,,,,,,
345,,,,,,,,,,,,,,,,
346,genial-sweep-159,run_f09389514e619a168b5c99cd1092a977,0.11646449565887454,0.7482833439693682,0.8502086735619703,0.5825015792798484,0.8102449435918284,0.7496122804241176,0.4553344549515568,0.11839956450734888,0.18367656348705066,0.8102449435918283,0.6667457931107245,1.3574969119282922,1.2736133013303144,0.5050594051356471
347,,,,,,,,,,,,,,,,
348,,,,,,,,,,,,,,,,
349,,,,,,,,,,,,,,,,
350,,,,,,,,,,,,,,,,
351,,,,,,,,,,,,,,,,
352,,,,,,,,,,,,,,,,
353,,,,,,,,,,,,,,,,
354,,,,,,,,,,,,,,,,
355,,,,,,,,,,,,,,,,
356,,,,,,,,,,,,,,,,
357,,,,,,,,,,,,,,,,
358,,,,,,,,,,,,,,,,
359,,,,,,,,,,,,,,,,
360,,,,,,,,,,,,,,,,
361,,,,,,,,,,,,,,,,
362,,,,,,,,,,,,,,,,
363,,,,,,,,,,,,,,,,
364,,,,,,,,,,,,,,,,
365,,,,,,,,,,,,,,,,
366,,,,,,,,,,,,,,,,
367,,,,,,,,,,,,,,,,
368,,,,,,,,,,,,,,,,
369,,,,,,,,,,,,,,,,
370,,,,,,,,,,,,,,,,
371,,,,,,,,,,,,,,,,
372,,,,,,,,,,,,,,,,
373,,,,,,,,,,,,,,,,
374,,,,,,,,,,,,,,,,
375,,,,,,,,,,,,,,,,
376,,,,,,,,,,,,,,,,
377,,,,,,,,,,,,,,,,
378,,,,,,,,,,,,,,,,
379,,,,,,,,,,,,,,,,
380,,,,,,,,,,,,,,,,
381,,,,,,,,,,,,,,,,
382,,,,,,,,,,,,,,,,
383,,,,,,,,,,,,,,,,
384,,,,,,,,,,,,,,,,
385,,,,,,,,,,,,,,,,
386,,,,,,,,,,,,,,,,
387,,,,,,,,,,,,,,,,
388,,,,,,,,,,,,,,,,
389,,,,,,,,,,,,,,,,
390,,,,,,,,,,,,,,,,
391,,,,,,,,,,,,,,,,
392,,,,,,,,,,,,,,,,
393,,,,,,,,,,,,,,,,
394,,,,,,,,,,,,,,,,
395,,,,,,,,,,,,,,,,
396,,,,,,,,,,,,,,,,
397,,,,,,,,,,,,,,,,
398,,,,,,,,,,,,,,,,
399,,,,,,,,,,,,,,,,
400,,,,,,,,,,,,,,,,
401,,,,,,,,,,,,,,,,
402,,,,,,,,,,,,,,,,
403,,,,,,,,,,,,,,,,
404,,,,,,,,,,,,,,,,
405,,,,,,,,,,,,,,,,
406,,,,,,,,,,,,,,,,
407,,,,,,,,,,,,,,,,
408,,,,,,,,,,,,,,,,
409,,,,,,,,,,,,,,,,
410,,,,,,,,,,,,,,,,
411,,,,,,,,,,,,,,,,
412,,,,,,,,,,,,,,,,
413,,,,,,,,,,,,,,,,
414,,,,,,,,,,,,,,,,
415,,,,,,,,,,,,,,,,
416,,,,,,,,,,,,,,,,
417,,,,,,,,,,,,,,,,
418,,,,,,,,,,,,,,,,
419,,,,,,,,,,,,,,,,
420,,,,,,,,,,,,,,,,
421,,,,,,,,,,,,,,,,
422,young-sweep-235,run_7d98d6678a28f104ff519fdc18f35edc,0.20899802446365362,0.6772176132737714,0.9131736526946135,0.7581174984207203,0.7052969475217673,0.7103444637864641,0.35137204850031856,0.11333277500942196,0.12353758686039319,0.7052969475217675,0.5628659598037665,1.4262932330659486,1.3664742797124052,0.3893175692489817
423,,,,,,,,,,,,,,,,
424,,,,,,,,,,,,,,,,
425,,,,,,,,,,,,,,,,
426,,,,,,,,,,,,,,,,
427,,,,,,,,,,,,,,,,
428,,,,,,,,,,,,,,,,
429,,,,,,,,,,,,,,,,
430,,,,,,,,,,,,,,,,
431,,,,,,,,,,,,,,,,
432,autumn-sweep-245,run_e85b3f770de43387858598c91e93757d,0.21601796150207525,0.7068793873643907,0.6021593177281829,0.7476310802274168,0.7156299759460649,0.7129398111515536,0.34937634159076336,0.04960010049830429,0.11413771320277945,0.7156299759460651,0.5806957851980797,1.2394256382438789,1.192152064264262,0.3708792466665499
433,,,,,,,,,,,,,,,,
434,,,,,,,,,,,,,,,,
435,,,,,,,,,,,,,,,,
436,,,,,,,,,,,,,,,,
437,,,,,,,,,,,,,,,,
438,,,,,,,,,,,,,,,,
439,,,,,,,,,,,,,,,,
440,,,,,,,,,,,,,,,,
441,,,,,,,,,,,,,,,,
442,,,,,,,,,,,,,,,,
443,,,,,,,,,,,,,,,,
444,,,,,,,,,,,,,,,,
445,,,,,,,,,,,,,,,,
446,,,,,,,,,,,,,,,,
447,,,,,,,,,,,,,,,,
448,,,,,,,,,,,,,,,,
449,,,,,,,,,,,,,,,,
450,,,,,,,,,,,,,,,,
451,,,,,,,,,,,,,,,,
452,,,,,,,,,,,,,,,,
453,,,,,,,,,,,,,,,,
454,,,,,,,,,,,,,,,,
455,,,,,,,,,,,,,,,,
456,,,,,,,,,,,,,,,,
457,,,,,,,,,,,,,,,,
458,,,,,,,,,,,,,,,,
459,,,,,,,,,,,,,,,,
460,,,,,,,,,,,,,,,,
461,,,,,,,,,,,,,,,,
462,,,,,,,,,,,,,,,,
463,,,,,,,,,,,,,,,,
464,,,,,,,,,,,,,,,,
465,,,,,,,,,,,,,,,,
466,,,,,,,,,,,,,,,,
467,,,,,,,,,,,,,,,,
468,,,,,,,,,,,,,,,,
469,,,,,,,,,,,,,,,,
470,,,,,,,,,,,,,,,,
471,,,,,,,,,,,,,,,,
472,,,,,,,,,,,,,,,,
473,,,,,,,,,,,,,,,,
474,,,,,,,,,,,,,,,,
475,,,,,,,,,,,,,,,,
476,,,,,,,,,,,,,,,,
477,,,,,,,,,,,,,,,,
478,,,,,,,,,,,,,,,,
479,,,,,,,,,,,,,,,,
480,,,,,,,,,,,,,,,,
481,,,,,,,,,,,,,,,,
482,,,,,,,,,,,,,,,,
483,,,,,,,,,,,,,,,,
484,,,,,,,,,,,,,,,,
485,,,,,,,,,,,,,,,,
486,,,,,,,,,,,,,,,,
487,,,,,,,,,,,,,,,,
488,,,,,,,,,,,,,,,,
489,,,,,,,,,,,,,,,,
490,,,,,,,,,,,,,,,,
491,,,,,,,,,,,,,,,,
492,,,,,,,,,,,,,,,,
493,,,,,,,,,,,,,,,,
494,,,,,,,,,,,,,,,,
495,,,,,,,,,,,,,,,,
496,,,,,,,,,,,,,,,,
497,,,,,,,,,,,,,,,,
498,,,,,,,,,,,,,,,,
499,,,,,,,,,,,,,,,,
500,,,,,,,,,,,,,,,,
501,,,,,,,,,,,,,,,,
502,,,,,,,,,,,,,,,,
503,,,,,,,,,,,,,,,,
504,,,,,,,,,,,,,,,,
505,,,,,,,,,,,,,,,,
506,,,,,,,,,,,,,,,,
507,,,,,,,,,,,,,,,,
508,,,,,,,,,,,,,,,,
509,,,,,,,,,,,,,,,,
510,,,,,,,,,,,,,,,,
511,,,,,,,,,,,,,,,,
512,,,,,,,,,,,,,,,,
513,,,,,,,,,,,,,,,,
514,,,,,,,,,,,,,,,,
515,,,,,,,,,,,,,,,,
516,,,,,,,,,,,,,,,,
517,,,,,,,,,,,,,,,,
518,,,,,,,,,,,,,,,,
519,,,,,,,,,,,,,,,,
520,,,,,,,,,,,,,,,,
521,,,,,,,,,,,,,,,,
522,,,,,,,,,,,,,,,,
523,,,,,,,,,,,,,,,,
524,,,,,,,,,,,,,,,,
525,,,,,,,,,,,,,,,,
526,,,,,,,,,,,,,,,,
527,,,,,,,,,,,,,,,,
528,,,,,,,,,,,,,,,,
529,,,,,,,,,,,,,,,,
530,,,,,,,,,,,,,,,,
531,,,,,,,,,,,,,,,,
532,,,,,,,,,,,,,,,,
533,,,,,,,,,,,,,,,,
534,,,,,,,,,,,,,,,,
535,,,,,,,,,,,,,,,,
536,,,,,,,,,,,,,,,,
537,,,,,,,,,,,,,,,,
538,,,,,,,,,,,,,,,,
539,,,,,,,,,,,,,,,,
540,,,,,,,,,,,,,,,,
541,,,,,,,,,,,,,,,,
542,,,,,,,,,,,,,,,,
543,,,,,,,,,,,,,,,,
544,,,,,,,,,,,,,,,,
545,,,,,,,,,,,,,,,,
546,,,,,,,,,,,,,,,,
547,,,,,,,,,,,,,,,,
548,,,,,,,,,,,,,,,,
549,,,,,,,,,,,,,,,,
550,,,,,,,,,,,,,,,,
551,,,,,,,,,,,,,,,,
552,,,,,,,,,,,,,,,,
553,,,,,,,,,,,,,,,,
554,,,,,,,,,,,,,,,,
555,,,,,,,,,,,,,,,,
556,,,,,,,,,,,,,,,,
557,,,,,,,,,,,,,,,,
558,,,,,,,,,,,,,,,,
559,,,,,,,,,,,,,,,,
560,,,,,,,,,,,,,,,,
561,,,,,,,,,,,,,,,,
562,,,,,,,,,,,,,,,,
563,,,,,,,,,,,,,,,,
564,,,,,,,,,,,,,,,,
565,,,,,,,,,,,,,,,,
566,,,,,,,,,,,,,,,,
567,,,,,,,,,,,,,,,,
568,,,,,,,,,,,,,,,,
569,,,,,,,,,,,,,,,,
570,,,,,,,,,,,,,,,,
571,,,,,,,,,,,,,,,,
572,,,,,,,,,,,,,,,,
573,,,,,,,,,,,,,,,,
574,,,,,,,,,,,,,,,,
575,,,,,,,,,,,,,,,,
576,,,,,,,,,,,,,,,,
577,,,,,,,,,,,,,,,,
578,,,,,,,,,,,,,,,,
579,,,,,,,,,,,,,,,,
580,,,,,,,,,,,,,,,,
581,,,,,,,,,,,,,,,,
582,,,,,,,,,,,,,,,,
583,,,,,,,,,,,,,,,,
584,,,,,,,,,,,,,,,,
585,,,,,,,,,,,,,,,,
586,,,,,,,,,,,,,,,,
587,,,,,,,,,,,,,,,,
588,,,,,,,,,,,,,,,,
589,,,,,,,,,,,,,,,,
590,,,,,,,,,,,,,,,,
591,classic-sweep-404,run_b661ca7150c5fa4c19091f2bf806de0e,0.4566049575805665,0.4129674537332485,0.9768644529123603,0.2277321541377137,0.720457702341024,0.6981906419792162,0.3891512444160828,0.1461203467191495,0.20560960202148074,0.7204577023410242,0.6526744738091466,1.1407910700553308,1.0847433849694088,0.46375117811100164
592,,,,,,,,,,,,,,,,
593,,,,,,,,,,,,,,,,
594,,,,,,,,,,,,,,,,
595,,,,,,,,,,,,,,,,
596,,,,,,,,,,,,,,,,
597,,,,,,,,,,,,,,,,
598,,,,,,,,,,,,,,,,
599,,,,,,,,,,,,,,,,
600,,,,,,,,,,,,,,,,
601,,,,,,,,,,,,,,,,
602,,,,,,,,,,,,,,,,
603,,,,,,,,,,,,,,,,
604,,,,,,,,,,,,,,,,
605,,,,,,,,,,,,,,,,
606,,,,,,,,,,,,,,,,
607,,,,,,,,,,,,,,,,
608,,,,,,,,,,,,,,,,
609,,,,,,,,,,,,,,,,
610,,,,,,,,,,,,,,,,
611,,,,,,,,,,,,,,,,
612,,,,,,,,,,,,,,,,
613,,,,,,,,,,,,,,,,
614,,,,,,,,,,,,,,,,
615,,,,,,,,,,,,,,,,
616,,,,,,,,,,,,,,,,
617,,,,,,,,,,,,,,,,
618,,,,,,,,,,,,,,,,
619,,,,,,,,,,,,,,,,
620,,,,,,,,,,,,,,,,
621,,,,,,,,,,,,,,,,
622,,,,,,,,,,,,,,,,
623,,,,,,,,,,,,,,,,
624,,,,,,,,,,,,,,,,
625,,,,,,,,,,,,,,,,
626,,,,,,,,,,,,,,,,
627,,,,,,,,,,,,,,,,
628,,,,,,,,,,,,,,,,
629,,,,,,,,,,,,,,,,
630,,,,,,,,,,,,,,,,
631,,,,,,,,,,,,,,,,
632,,,,,,,,,,,,,,,,
633,,,,,,,,,,,,,,,,
634,,,,,,,,,,,,,,,,
635,,,,,,,,,,,,,,,,
636,,,,,,,,,,,,,,,,
637,,,,,,,,,,,,,,,,
638,,,,,,,,,,,,,,,,
639,,,,,,,,,,,,,,,,
640,,,,,,,,,,,,,,,,
641,,,,,,,,,,,,,,,,
642,,,,,,,,,,,,,,,,
643,,,,,,,,,,,,,,,,
644,,,,,,,,,,,,,,,,
645,,,,,,,,,,,,,,,,
646,,,,,,,,,,,,,,,,
647,,,,,,,,,,,,,,,,
648,,,,,,,,,,,,,,,,
649,,,,,,,,,,,,,,,,
650,,,,,,,,,,,,,,,,
651,,,,,,,,,,,,,,,,
652,silvery-sweep-465,run_ae909e3414bff5320d85f8df7300592e,0.1445436477661133,0.7514996809189531,0.9966430774814033,0.7354390397978523,0.7317647457397434,0.7427335548873767,0.37583106108951464,0.13996482559356835,0.10362602653190424,0.731764745739744,0.5934747059133834,1.505315108449954,1.4487649138392598,0.41421913555254714
653,,,,,,,,,,,,,,,,
654,,,,,,,,,,,,,,,,
655,,,,,,,,,,,,,,,,
656,,,,,,,,,,,,,,,,
657,,,,,,,,,,,,,,,,
658,,,,,,,,,,,,,,,,
659,,,,,,,,,,,,,,,,
660,,,,,,,,,,,,,,,,
661,,,,,,,,,,,,,,,,
662,,,,,,,,,,,,,,,,
663,,,,,,,,,,,,,,,,
664,,,,,,,,,,,,,,,,
665,,,,,,,,,,,,,,,,
666,,,,,,,,,,,,,,,,
667,,,,,,,,,,,,,,,,
668,,,,,,,,,,,,,,,,
669,,,,,,,,,,,,,,,,
670,,,,,,,,,,,,,,,,
671,,,,,,,,,,,,,,,,
672,,,,,,,,,,,,,,,,
673,,,,,,,,,,,,,,,,
674,,,,,,,,,,,,,,,,
675,,,,,,,,,,,,,,,,
676,,,,,,,,,,,,,,,,
677,,,,,,,,,,,,,,,,
678,,,,,,,,,,,,,,,,
679,,,,,,,,,,,,,,,,
680,,,,,,,,,,,,,,,,
681,,,,,,,,,,,,,,,,
682,,,,,,,,,,,,,,,,
683,,,,,,,,,,,,,,,,
684,,,,,,,,,,,,,,,,
685,,,,,,,,,,,,,,,,
686,,,,,,,,,,,,,,,,
687,,,,,,,,,,,,,,,,
688,,,,,,,,,,,,,,,,
689,,,,,,,,,,,,,,,,
690,,,,,,,,,,,,,,,,
691,,,,,,,,,,,,,,,,
692,,,,,,,,,,,,,,,,
693,,,,,,,,,,,,,,,,
694,,,,,,,,,,,,,,,,
695,,,,,,,,,,,,,,,,
696,soft-sweep-509,run_702af4dc3dce7c9606d057172ca9003d,0.0954052805900574,0.7620165922144222,0.884866630375615,0.4930511686670881,0.7909170986211337,0.7286332225563118,0.4465626269072354,0.1289937607302885,0.1282880606443483,0.7909170986211337,0.6259495173286921,1.358079531861308,1.2675794631053146,0.4821985032759037
697,,,,,,,,,,,,,,,,
698,,,,,,,,,,,,,,,,
699,,,,,,,,,,,,,,,,
700,,,,,,,,,,,,,,,,
701,,,,,,,,,,,,,,,,
702,,,,,,,,,,,,,,,,
703,,,,,,,,,,,,,,,,
704,,,,,,,,,,,,,,,,
705,,,,,,,,,,,,,,,,
706,,,,,,,,,,,,,,,,
707,,,,,,,,,,,,,,,,
708,,,,,,,,,,,,,,,,
709,,,,,,,,,,,,,,,,
710,,,,,,,,,,,,,,,,
711,,,,,,,,,,,,,,,,
712,,,,,,,,,,,,,,,,
713,,,,,,,,,,,,,,,,
714,,,,,,,,,,,,,,,,
715,,,,,,,,,,,,,,,,
716,,,,,,,,,,,,,,,,
717,,,,,,,,,,,,,,,,
718,,,,,,,,,,,,,,,,
719,,,,,,,,,,,,,,,,
720,,,,,,,,,,,,,,,,
721,,,,,,,,,,,,,,,,
722,,,,,,,,,,,,,,,,
723,,,,,,,,,,,,,,,,
724,,,,,,,,,,,,,,,,
725,,,,,,,,,,,,,,,,
726,,,,,,,,,,,,,,,,
727,,,,,,,,,,,,,,,,
728,,,,,,,,,,,,,,,,
729,,,,,,,,,,,,,,,,
730,,,,,,,,,,,,,,,,
731,,,,,,,,,,,,,,,,
732,,,,,,,,,,,,,,,,
733,,,,,,,,,,,,,,,,
734,,,,,,,,,,,,,,,,
735,,,,,,,,,,,,,,,,
736,,,,,,,,,,,,,,,,
737,,,,,,,,,,,,,,,,
738,,,,,,,,,,,,,,,,
739,,,,,,,,,,,,,,,,
740,,,,,,,,,,,,,,,,
741,,,,,,,,,,,,,,,,
742,easy-sweep-555,run_dfec482126e52e4ec6e735becd5c34c8,0.42469680309295665,0.5159412890874283,0.9242424242424265,0.47258370183196463,0.6624656977335096,0.7243129187107664,0.3633927017462439,0.14000669988694026,0.16229943145925432,0.6624656977335094,0.6102231365722426,1.1868164063485915,1.1592043943118566,0.4218971878878354
743,,,,,,,,,,,,,,,,
744,,,,,,,,,,,,,,,,
745,,,,,,,,,,,,,,,,
746,,,,,,,,,,,,,,,,
747,,,,,,,,,,,,,,,,
748,,,,,,,,,,,,,,,,
749,,,,,,,,,,,,,,,,
750,,,,,,,,,,,,,,,,
751,,,,,,,,,,,,,,,,
752,,,,,,,,,,,,,,,,
753,,,,,,,,,,,,,,,,
754,,,,,,,,,,,,,,,,
755,,,,,,,,,,,,,,,,
756,,,,,,,,,,,,,,,,
757,,,,,,,,,,,,,,,,
758,,,,,,,,,,,,,,,,
759,,,,,,,,,,,,,,,,
760,,,,,,,,,,,,,,,,
761,,,,,,,,,,,,,,,,
762,,,,,,,,,,,,,,,,
763,,,,,,,,,,,,,,,,
764,,,,,,,,,,,,,,,,
765,,,,,,,,,,,,,,,,
766,,,,,,,,,,,,,,,,
767,,,,,,,,,,,,,,,,
768,,,,,,,,,,,,,,,,
769,,,,,,,,,,,,,,,,
770,,,,,,,,,,,,,,,,
771,,,,,,,,,,,,,,,,
772,,,,,,,,,,,,,,,,
773,,,,,,,,,,,,,,,,
774,,,,,,,,,,,,,,,,
775,,,,,,,,,,,,,,,,
776,,,,,,,,,,,,,,,,
777,,,,,,,,,,,,,,,,
778,,,,,,,,,,,,,,,,
779,,,,,,,,,,,,,,,,
780,,,,,,,,,,,,,,,,
781,,,,,,,,,,,,,,,,
782,,,,,,,,,,,,,,,,
783,,,,,,,,,,,,,,,,
784,,,,,,,,,,,,,,,,
785,,,,,,,,,,,,,,,,
786,,,,,,,,,,,,,,,,
787,,,,,,,,,,,,,,,,
788,,,,,,,,,,,,,,,,
789,,,,,,,,,,,,,,,,
790,,,,,,,,,,,,,,,,
791,,,,,,,,,,,,,,,,
792,,,,,,,,,,,,,,,,
793,,,,,,,,,,,,,,,,
794,,,,,,,,,,,,,,,,
795,,,,,,,,,,,,,,,,
796,,,,,,,,,,,,,,,,
797,,,,,,,,,,,,,,,,
798,,,,,,,,,,,,,,,,
799,,,,,,,,,,,,,,,,
800,,,,,,,,,,,,,,,,
801,,,,,,,,,,,,,,,,
802,,,,,,,,,,,,,,,,
803,,,,,,,,,,,,,,,,
804,,,,,,,,,,,,,,,,
805,,,,,,,,,,,,,,,,
806,,,,,,,,,,,,,,,,
807,,,,,,,,,,,,,,,,
808,,,,,,,,,,,,,,,,
809,,,,,,,,,,,,,,,,
810,,,,,,,,,,,,,,,,
811,,,,,,,,,,,,,,,,
812,,,,,,,,,,,,,,,,
813,,,,,,,,,,,,,,,,
814,,,,,,,,,,,,,,,,
815,,,,,,,,,,,,,,,,
816,,,,,,,,,,,,,,,,
817,,,,,,,,,,,,,,,,
818,,,,,,,,,,,,,,,,
819,,,,,,,,,,,,,,,,
820,,,,,,,,,,,,,,,,
821,,,,,,,,,,,,,,,,
822,,,,,,,,,,,,,,,,
823,,,,,,,,,,,,,,,,
824,,,,,,,,,,,,,,,,
825,,,,,,,,,,,,,,,,
826,,,,,,,,,,,,,,,,
827,,,,,,,,,,,,,,,,
828,,,,,,,,,,,,,,,,
829,,,,,,,,,,,,,,,,
830,,,,,,,,,,,,,,,,
831,,,,,,,,,,,,,,,,
832,,,,,,,,,,,,,,,,
833,,,,,,,,,,,,,,,,
834,,,,,,,,,,,,,,,,
835,,,,,,,,,,,,,,,,
836,,,,,,,,,,,,,,,,
837,,,,,,,,,,,,,,,,
838,,,,,,,,,,,,,,,,
839,,,,,,,,,,,,,,,,
840,,,,,,,,,,,,,,,,
841,,,,,,,,,,,,,,,,
842,,,,,,,,,,,,,,,,
843,,,,,,,,,,,,,,,,
844,,,,,,,,,,,,,,,,
845,,,,,,,,,,,,,,,,
846,peachy-sweep-659,run_10c7c3335fa471ea67a9f6581453e7c5,0.26260375976562506,0.5019017230376518,0.9525494465614258,0.3348704990524321,0.48222210929294984,0.6917866751068207,0.3466380460637008,0.16613625895063136,0.180745420088441,0.4822221092929499,0.6181357809780025,1.2502967305371535,1.1275611020553464,0.4247682878934333
847,,,,,,,,,,,,,,,,
848,,,,,,,,,,,,,,,,
849,,,,,,,,,,,,,,,,
850,,,,,,,,,,,,,,,,
851,,,,,,,,,,,,,,,,
852,,,,,,,,,,,,,,,,
853,,,,,,,,,,,,,,,,
854,,,,,,,,,,,,,,,,
855,,,,,,,,,,,,,,,,
856,,,,,,,,,,,,,,,,
857,,,,,,,,,,,,,,,,
858,,,,,,,,,,,,,,,,
859,,,,,,,,,,,,,,,,
860,,,,,,,,,,,,,,,,
861,,,,,,,,,,,,,,,,
862,,,,,,,,,,,,,,,,
863,,,,,,,,,,,,,,,,
864,,,,,,,,,,,,,,,,
865,,,,,,,,,,,,,,,,
866,,,,,,,,,,,,,,,,
867,,,,,,,,,,,,,,,,
868,,,,,,,,,,,,,,,,
869,,,,,,,,,,,,,,,,
870,,,,,,,,,,,,,,,,
871,,,,,,,,,,,,,,,,
872,,,,,,,,,,,,,,,,
873,,,,,,,,,,,,,,,,
874,,,,,,,,,,,,,,,,
875,,,,,,,,,,,,,,,,
876,,,,,,,,,,,,,,,,
877,,,,,,,,,,,,,,,,
878,,,,,,,,,,,,,,,,
879,,,,,,,,,,,,,,,,
880,,,,,,,,,,,,,,,,
881,,,,,,,,,,,,,,,,
882,,,,,,,,,,,,,,,,
883,,,,,,,,,,,,,,,,
884,,,,,,,,,,,,,,,,
885,,,,,,,,,,,,,,,,
886,,,,,,,,,,,,,,,,
887,,,,,,,,,,,,,,,,
888,,,,,,,,,,,,,,,,
889,,,,,,,,,,,,,,,,
890,,,,,,,,,,,,,,,,
891,,,,,,,,,,,,,,,,
892,,,,,,,,,,,,,,,,
893,,,,,,,,,,,,,,,,
894,,,,,,,,,,,,,,,,
895,,,,,,,,,,,,,,,,
896,,,,,,,,,,,,,,,,
897,,,,,,,,,,,,,,,,
898,,,,,,,,,,,,,,,,
899,,,,,,,,,,,,,,,,
900,,,,,,,,,,,,,,,,
901,,,,,,,,,,,,,,,,
902,,,,,,,,,,,,,,,,
903,,,,,,,,,,,,,,,,
904,,,,,,,,,,,,,,,,
905,,,,,,,,,,,,,,,,
906,,,,,,,,,,,,,,,,
907,,,,,,,,,,,,,,,,
908,,,,,,,,,,,,,,,,
909,,,,,,,,,,,,,,,,
910,,,,,,,,,,,,,,,,
911,stilted-sweep-724,run_4d5999cf5c30354a68cf2eb4c9d68eaa,0.25877475738525396,0.6158008934269305,0.7289965523498475,0.6685407454200888,0.6735694684419149,0.7196339083188268,0.29953008064048314,0.08942255349441,0.08689829437776304,0.6735694684419146,0.6378976103813894,1.2360410842338945,1.1651581188706612,0.3244471849896672
912,,,,,,,,,,,,,,,,
913,,,,,,,,,,,,,,,,
914,,,,,,,,,,,,,,,,
915,,,,,,,,,,,,,,,,
916,,,,,,,,,,,,,,,,
917,,,,,,,,,,,,,,,,
918,,,,,,,,,,,,,,,,
919,,,,,,,,,,,,,,,,
920,,,,,,,,,,,,,,,,
921,,,,,,,,,,,,,,,,
922,,,,,,,,,,,,,,,,
923,,,,,,,,,,,,,,,,
924,,,,,,,,,,,,,,,,
925,,,,,,,,,,,,,,,,
926,,,,,,,,,,,,,,,,
927,,,,,,,,,,,,,,,,
928,,,,,,,,,,,,,,,,
929,,,,,,,,,,,,,,,,
930,,,,,,,,,,,,,,,,
931,,,,,,,,,,,,,,,,
932,,,,,,,,,,,,,,,,
933,,,,,,,,,,,,,,,,
934,,,,,,,,,,,,,,,,
935,,,,,,,,,,,,,,,,
936,,,,,,,,,,,,,,,,
937,,,,,,,,,,,,,,,,
938,,,,,,,,,,,,,,,,
939,,,,,,,,,,,,,,,,
940,,,,,,,,,,,,,,,,
941,,,,,,,,,,,,,,,,
942,,,,,,,,,,,,,,,,
943,,,,,,,,,,,,,,,,
944,,,,,,,,,,,,,,,,
945,,,,,,,,,,,,,,,,
946,,,,,,,,,,,,,,,,
947,,,,,,,,,,,,,,,,
948,,,,,,,,,,,,,,,,
949,,,,,,,,,,,,,,,,
950,,,,,,,,,,,,,,,,
951,,,,,,,,,,,,,,,,
952,deep-sweep-765,run_5548e619b4ac5636d07a674d5a72bc0c,0.4604339599609376,0.4632546266751757,0.7574850299401221,0.26601389766266587,0.6722905444320223,0.6908002321042358,0.3824215350699066,0.09649930907415975,0.16088439671509905,0.6722905444320226,0.6410494804030175,0.9673047482032258,0.926904425207382,0.42596025195245085
953,,,,,,,,,,,,,,,,
954,,,,,,,,,,,,,,,,
955,,,,,,,,,,,,,,,,
956,,,,,,,,,,,,,,,,
957,,,,,,,,,,,,,,,,
958,,,,,,,,,,,,,,,,
959,,,,,,,,,,,,,,,,
960,,,,,,,,,,,,,,,,
961,,,,,,,,,,,,,,,,
962,,,,,,,,,,,,,,,,
963,,,,,,,,,,,,,,,,
964,,,,,,,,,,,,,,,,
965,,,,,,,,,,,,,,,,
966,,,,,,,,,,,,,,,,
967,,,,,,,,,,,,,,,,
968,,,,,,,,,,,,,,,,
969,,,,,,,,,,,,,,,,
970,,,,,,,,,,,,,,,,
971,,,,,,,,,,,,,,,,
972,,,,,,,,,,,,,,,,
973,,,,,,,,,,,,,,,,
974,,,,,,,,,,,,,,,,
975,,,,,,,,,,,,,,,,
976,sunny-sweep-789,run_8316b30a4a5c7c5750410458d7b93083,0.05201011896133424,0.8014805360561583,0.411994193431322,0.5643714466203416,0.8384913778500525,0.7497336076383395,0.41894761269362635,0.024308027302038987,0.13869867340492784,0.8384913778500527,0.6633499498865857,1.177683811442259,1.063308701581215,0.441978850599542
977,,,,,,,,,,,,,,,,
978,,,,,,,,,,,,,,,,
979,,,,,,,,,,,,,,,,
980,,,,,,,,,,,,,,,,
981,,,,,,,,,,,,,,,,
982,,,,,,,,,,,,,,,,
983,,,,,,,,,,,,,,,,
984,,,,,,,,,,,,,,,,
985,,,,,,,,,,,,,,,,
986,,,,,,,,,,,,,,,,
987,,,,,,,,,,,,,,,,
988,,,,,,,,,,,,,,,,
989,,,,,,,,,,,,,,,,
990,,,,,,,,,,,,,,,,
991,,,,,,,,,,,,,,,,
992,,,,,,,,,,,,,,,,
993,,,,,,,,,,,,,,,,
994,,,,,,,,,,,,,,,,
995,,,,,,,,,,,,,,,,
996,,,,,,,,,,,,,,,,
997,,,,,,,,,,,,,,,,
998,,,,,,,,,,,,,,,,
999,,,,,,,,,,,,,,,,
1000,,,,,,,,,,,,,,,,
1001,,,,,,,,,,,,,,,,
1002,,,,,,,,,,,,,,,,
1003,,,,,,,,,,,,,,,,
1004,,,,,,,,,,,,,,,,
1005,,,,,,,,,,,,,,,,
1006,,,,,,,,,,,,,,,,
1007,,,,,,,,,,,,,,,,
1008,,,,,,,,,,,,,,,,
1009,,,,,,,,,,,,,,,,
1010,,,,,,,,,,,,,,,,
1011,,,,,,,,,,,,,,,,
1012,sweet-sweep-825,run_02be492f7298c16b0bd35d37849e5c57,0.41065722703933727,0.5214550095724314,0.8385955362003304,0.39222994314592596,0.7495765152285124,0.7241388405338398,0.33638104078435865,0.1207445249361419,0.23087807959570386,0.7495765152285135,0.6365920240544392,1.0974569265699403,1.0625451184037131,0.42548341041575655
1013,,,,,,,,,,,,,,,,
1014,,,,,,,,,,,,,,,,
1015,,,,,,,,,,,,,,,,
1016,,,,,,,,,,,,,,,,
1017,,,,,,,,,,,,,,,,
1018,,,,,,,,,,,,,,,,
1019,,,,,,,,,,,,,,,,
1020,,,,,,,,,,,,,,,,
1021,,,,,,,,,,,,,,,,
1022,true-sweep-835,run_2eb0c40e702a6893a118bdb78d7df448,0.24026811122894293,0.6513848117421827,0.9184358555616062,0.7358180669614662,0.6801758308771216,0.706098011288706,0.3991761907524515,0.12141451363008313,0.08699936828806033,0.6801758308771226,0.5601558790947938,1.400765930219509,1.3450854327575208,0.4262065291219607
1023,fast-sweep-836,run_90da8185a7c5c24df523f38087915918,0.21537959575653082,0.6569495851946395,0.6585919070949038,0.7347441566645608,0.704068841684453,0.7301419000896767,0.30556361315774333,0.06362798877768977,0.13076437144662081,0.7040688416844542,0.6069064197921615,1.2606432701596453,1.1854007901680461,0.3384035512250701
1024,,,,,,,,,,,,,,,,
1025,,,,,,,,,,,,,,,,
1026,,,,,,,,,,,,,,,,
1027,,,,,,,,,,,,,,,,
1028,,,,,,,,,,,,,,,,
1029,,,,,,,,,,,,,,,,
1030,,,,,,,,,,,,,,,,
1031,,,,,,,,,,,,,,,,
1032,,,,,,,,,,,,,,,,
1033,,,,,,,,,,,,,,,,
1034,,,,,,,,,,,,,,,,
1035,,,,,,,,,,,,,,,,
1036,,,,,,,,,,,,,,,,
1037,,,,,,,,,,,,,,,,
1038,,,,,,,,,,,,,,,,
1039,,,,,,,,,,,,,,,,
1040,,,,,,,,,,,,,,,,
1041,,,,,,,,,,,,,,,,
1042,,,,,,,,,,,,,,,,
1043,,,,,,,,,,,,,,,,
1044,,,,,,,,,,,,,,,,
1045,,,,,,,,,,,,,,,,
1046,,,,,,,,,,,,,,,,
1047,,,,,,,,,,,,,,,,
1048,,,,,,,,,,,,,,,,
1049,,,,,,,,,,,,,,,,
1050,,,,,,,,,,,,,,,,
1051,,,,,,,,,,,,,,,,
1052,,,,,,,,,,,,,,,,
1053,,,,,,,,,,,,,,,,
1054,,,,,,,,,,,,,,,,
1055,,,,,,,,,,,,,,,,
1056,,,,,,,,,,,,,,,,
1057,,,,,,,,,,,,,,,,
1058,,,,,,,,,,,,,,,,
1059,,,,,,,,,,,,,,,,
1060,,,,,,,,,,,,,,,,
1061,,,,,,,,,,,,,,,,
1062,,,,,,,,,,,,,,,,
1063,,,,,,,,,,,,,,,,
1064,,,,,,,,,,,,,,,,
1065,,,,,,,,,,,,,,,,
1066,,,,,,,,,,,,,,,,
1067,,,,,,,,,,,,,,,,
1068,,,,,,,,,,,,,,,,
1069,,,,,,,,,,,,,,,,
1070,,,,,,,,,,,,,,,,
1071,,,,,,,,,,,,,,,,
1072,,,,,,,,,,,,,,,,
1073,,,,,,,,,,,,,,,,
1074,,,,,,,,,,,,,,,,
1075,,,,,,,,,,,,,,,,
1076,,,,,,,,,,,,,,,,
1077,,,,,,,,,,,,,,,,
1078,,,,,,,,,,,,,,,,
1079,,,,,,,,,,,,,,,,
1080,,,,,,,,,,,,,,,,
1081,,,,,,,,,,,,,,,,
1082,,,,,,,,,,,,,,,,
1083,,,,,,,,,,,,,,,,
1084,,,,,,,,,,,,,,,,
1085,,,,,,,,,,,,,,,,
1086,,,,,,,,,,,,,,,,
1087,,,,,,,,,,,,,,,,
1088,,,,,,,,,,,,,,,,
1089,,,,,,,,,,,,,,,,
1090,,,,,,,,,,,,,,,,
1091,,,,,,,,,,,,,,,,
1092,,,,,,,,,,,,,,,,
1093,,,,,,,,,,,,,,,,
1094,,,,,,,,,,,,,,,,
1095,,,,,,,,,,,,,,,,
1096,,,,,,,,,,,,,,,,
1097,,,,,,,,,,,,,,,,
1098,,,,,,,,,,,,,,,,
1099,,,,,,,,,,,,,,,,
1100,,,,,,,,,,,,,,,,
1101,,,,,,,,,,,,,,,,
1102,,,,,,,,,,,,,,,,
1103,,,,,,,,,,,,,,,,
1104,,,,,,,,,,,,,,,,
1105,,,,,,,,,,,,,,,,
1106,,,,,,,,,,,,,,,,
1107,driven-sweep-920,run_1d48b85d870c41fc3536398b68c1f8b9,0.42214423418045055,0.4883726866624124,0.955452730901834,0.4343019583070119,0.7329843818816276,0.710238961861054,0.35680222776585374,0.1376617394581464,0.20601389766266723,0.7329843818816287,0.6089834889486728,1.198092399637013,1.1575905982060068,0.4343964897181867
1108,,,,,,,,,,,,,,,,
1109,,,,,,,,,,,,,,,,
1110,,,,,,,,,,,,,,,,
1111,,,,,,,,,,,,,,,,
1112,,,,,,,,,,,,,,,,
1113,,,,,,,,,,,,,,,,
1114,,,,,,,,,,,,,,,,
1115,,,,,,,,,,,,,,,,
1116,vocal-sweep-929,run_48a63f13ae42a41e9ee83af73e11e96f,0.5025526881217958,0.42282067645181864,0.7658319724188007,0.4379027163613398,0.612384388657384,0.7124703275834784,0.3312757440389853,0.10252920731962618,0.2182943777637403,0.6123843886573836,0.6223756396054234,1.0127740256692814,0.9782815154190967,0.40976614343480444
1117,,,,,,,,,,,,,,,,
1118,,,,,,,,,,,,,,,,
1119,,,,,,,,,,,,,,,,
1120,,,,,,,,,,,,,,,,
1121,,,,,,,,,,,,,,,,
1122,,,,,,,,,,,,,,,,
1123,,,,,,,,,,,,,,,,
1124,,,,,,,,,,,,,,,,
1125,,,,,,,,,,,,,,,,
1126,,,,,,,,,,,,,,,,
1127,,,,,,,,,,,,,,,,
1128,,,,,,,,,,,,,,,,
1129,,,,,,,,,,,,,,,,
1130,,,,,,,,,,,,,,,,
1131,,,,,,,,,,,,,,,,
1132,,,,,,,,,,,,,,,,
1133,,,,,,,,,,,,,,,,
1134,,,,,,,,,,,,,,,,
1135,,,,,,,,,,,,,,,,
1136,,,,,,,,,,,,,,,,
1137,,,,,,,,,,,,,,,,
1138,,,,,,,,,,,,,,,,
1139,,,,,,,,,,,,,,,,
1140,,,,,,,,,,,,,,,,
1141,,,,,,,,,,,,,,,,
1142,,,,,,,,,,,,,,,,
1143,,,,,,,,,,,,,,,,
1144,,,,,,,,,,,,,,,,
1145,,,,,,,,,,,,,,,,
1146,,,,,,,,,,,,,,,,
1147,,,,,,,,,,,,,,,,
1148,,,,,,,,,,,,,,,,
1149,,,,,,,,,,,,,,,,
1150,,,,,,,,,,,,,,,,
1151,,,,,,,,,,,,,,,,
1152,,,,,,,,,,,,,,,,
1153,,,,,,,,,,,,,,,,
1154,,,,,,,,,,,,,,,,
1155,,,,,,,,,,,,,,,,
1156,,,,,,,,,,,,,,,,
1157,,,,,,,,,,,,,,,,
1158,,,,,,,,,,,,,,,,
1159,,,,,,,,,,,,,,,,
1160,,,,,,,,,,,,,,,,
1161,,,,,,,,,,,,,,,,
1162,,,,,,,,,,,,,,,,
1163,,,,,,,,,,,,,,,,
1164,,,,,,,,,,,,,,,,
1165,,,,,,,,,,,,,,,,
1166,,,,,,,,,,,,,,,,
1167,,,,,,,,,,,,,,,,
1168,,,,,,,,,,,,,,,,
1169,,,,,,,,,,,,,,,,
1170,,,,,,,,,,,,,,,,
1171,,,,,,,,,,,,,,,,
1172,,,,,,,,,,,,,,,,
1173,,,,,,,,,,,,,,,,
1174,,,,,,,,,,,,,,,,
1175,,,,,,,,,,,,,,,,
1176,,,,,,,,,,,,,,,,
1177,,,,,,,,,,,,,,,,
1178,,,,,,,,,,,,,,,,
1179,,,,,,,,,,,,,,,,
1180,,,,,,,,,,,,,,,,
1181,,,,,,,,,,,,,,,,
1182,,,,,,,,,,,,,,,,
1183,,,,,,,,,,,,,,,,
1184,,,,,,,,,,,,,,,,
1185,,,,,,,,,,,,,,,,
1186,,,,,,,,,,,,,,,,
1187,,,,,,,,,,,,,,,,
